embedding_X,embedding_Y,cluster,short_name,variety,missingness,heterozygosity,alt_name,short_name,inventory,reference_original,reference,seedSource,seedType,parameters
26.13097,10.428225,0,1000247,,0.05691854759568204,0.09309309309309309,1620,1000247,R46,Variety-29,Variety-29,SourceB,Breeder seed,"('minSample', 0.2)"
26.041477,10.509713,0,1000052,,0.07262021589793916,0.02902902902902903,52,1000052,R61,Variety-37,Variety-37,SourceC,Breeder seed,"('minloci', 0.2)"
26.057749,10.487032,0,1000051,,0.07850834151128558,0.03403403403403404,51,1000051,R61,Variety-37,Variety-37,SourceC,Breeder seed,"('umapSeed', 42)"
26.055851,10.493567,0,1000091,,0.08832188420019627,0.056056056056056056,183,1000091,R48,Variety-30,Variety-30_b,SourceB,Breeder seed,"('epsilon', 0.75)"
26.077394,10.426353,0,1000092,,0.09617271835132483,0.06006006006006006,184,1000092,R48,Variety-30,Variety-30_b,SourceB,Breeder seed,"('cutHeight', 0.043)"
26.639713,10.2887945,0,1000008,,0.052011776251226695,0.01001001001001001,7,1000008,R55,Variety-33,Variety-33,SourceA,Breeder seed,"('admixedCutoff', None)"
26.647404,10.258965,0,1000087,,0.053974484789008834,0.013013013013013013,85,1000087,R56,Variety-33,Variety-33,SourceB,Breeder seed,"('filePrefix', 'riceTutorial')"
26.698183,10.281887,0,1000088,,0.050049067713444556,0.011011011011011011,86,1000088,R56,Variety-33,Variety-33,SourceB,Breeder seed,"('inputCountsFile', 'countsRiceTutorial.csv')"
26.65343,10.281394,0,1000023,,0.05299313052011776,0.01001001001001001,23,1000023,R57,Variety-34,Variety-34,SourceC,Breeder seed,"('inputMetaFile', 'metadataRiceTutorial.csv')"
26.734543,10.261321,0,1000022,,0.047105004906771344,0.013013013013013013,22,1000022,R57,Variety-34,Variety-34,SourceC,Breeder seed,
26.687088,10.282165,0,1000009,,0.053974484789008834,0.018018018018018018,8,1000009,R55,Variety-33,Variety-33,SourceA,Breeder seed,
26.159979,10.420897,0,1000005,,0.04612365063788027,0.01001001001001001,2,1000005,R60,Variety-36,Variety-36,SourceC,Breeder seed,
26.238138,10.382025,0,1000031,,0.05593719332679097,0.014014014014014014,32,1000031,R54,Variety-33,Variety-33,SourceC,Breeder seed,
26.258303,10.279646,0,1000018,,0.04906771344455348,0.015015015015015015,18,1000018,R63,Variety-38,Variety-38,SourceC,Breeder seed,
26.137505,10.443465,0,1000053,,0.053974484789008834,0.016016016016016016,53,1000053,R59,Variety-35,Variety-35,SourceC,Breeder seed,
26.098818,10.479258,0,1000241,,0.05986261040235525,0.01001001001001001,1656,1000241,R59,Variety-35,Variety-35,SourceC,Breeder seed,
26.174482,10.423577,0,1000239,,0.058881256133464184,0.013013013013013013,1655,1000239,R59,Variety-35,Variety-35,SourceC,Breeder seed,
26.135157,10.461067,0,1000054,,0.040235525024533855,0.009009009009009009,54,1000054,R59,Variety-35,Variety-35,SourceC,Breeder seed,
26.27975,10.298968,0,1000001,,0.07654563297350343,0.026026026026026026,31,1000001,R54,Variety-33,Variety-33,SourceC,Breeder seed,
26.243109,10.307606,0,1000019,,0.04317958783120707,0.01001001001001001,19,1000019,R63,Variety-38,Variety-38,SourceC,Breeder seed,
26.24512,10.323431,0,1000030,,0.05299313052011776,0.021021021021021023,30,1000030,R54,Variety-33,Variety-33,SourceC,Breeder seed,
26.236874,10.302865,0,1000261,,0.06771344455348381,0.021021021021021023,1664,1000261,R62,Variety-38,Variety-38,SourceE,Certified seed,
26.237219,10.30012,0,1000259,,0.058881256133464184,0.02002002002002002,1663,1000259,R62,Variety-38,Variety-38,SourceE,Certified seed,
25.868767,9.971041,0,1000180,,0.08537782139352307,0.026026026026026026,232,1000180,R58,Variety-34,Variety-34,SourceB,Breeder seed,
25.905315,10.011276,0,1000178,,0.08243375858684986,0.025025025025025027,231,1000178,R58,Variety-34,Variety-34,SourceB,Breeder seed,
25.900108,9.997479,0,1000176,,0.07654563297350343,0.023023023023023025,230,1000176,R58,Variety-34,Variety-34,SourceB,Breeder seed,
25.903877,9.995113,0,1000174,,0.08537782139352307,0.028028028028028028,229,1000174,R58,Variety-34,Variety-34,SourceB,Breeder seed,
1.517184,3.7118928,1,1000084,,0.06771344455348381,0.024024024024024024,172,1000084,R6,Variety-6,Variety-6,SourceB,Breeder seed,
1.502266,3.6670425,1,1000083,,0.07654563297350343,0.03203203203203203,171,1000083,R6,Variety-6,Variety-6,SourceB,Breeder seed,
1.2797011,3.487116,1,1000113,,0.09617271835132483,0.025025025025025027,205,1000113,R51,Variety-31,Variety-31_b,SourceB,Breeder seed,
1.2826284,3.4571712,1,1000114,,0.11874386653581943,0.035035035035035036,206,1000114,R51,Variety-31,Variety-31_b,SourceB,Breeder seed,
1.1947776,3.3453789,1,1000002,,0.0549558390578999,0.43043043043043044,42,1000002,R50,Variety-31,Variety-31_a,SourceA,Breeder seed,
1.2075454,3.4052138,1,1000040,,0.047105004906771344,0.4214214214214214,43,1000040,R50,Variety-31,Variety-31_a,SourceA,Breeder seed,
1.1674964,3.342848,1,1000096,,0.053974484789008834,0.009009009009009009,92,1000096,R52,Variety-32,Variety-32,SourceB,Breeder seed,
1.1439285,3.2986562,1,1000095,,0.05789990186457311,0.01001001001001001,91,1000095,R52,Variety-32,Variety-32,SourceB,Breeder seed,
1.2034235,3.3487165,1,1000128,,0.0549558390578999,0.34534534534534533,210,1000128,R53,Variety-32,Variety-32,SourceD,Certified seed,
1.1460335,3.277482,1,1000126,,0.05593719332679097,0.4214214214214214,209,1000126,R53,Variety-32,Variety-32,SourceD,Certified seed,
0.4721057,3.8170516,1,1000664,,0.058881256133464184,0.011011011011011011,906,1000664,F549,,,,,
0.49203604,3.8100126,1,1000624,,0.0647693817468106,0.013013013013013013,892,1000624,F547,,,,,
0.45619816,3.8415325,1,1000409,,0.05986261040235525,0.013013013013013013,1395,1000409,F515,,,,,
0.46898094,3.825718,1,1000651,,0.05789990186457311,0.013013013013013013,904,1000651,F550,,,,,
0.47025684,3.8212192,1,1000688,,0.06182531894013739,0.012012012012012012,914,1000688,F558,,,,,
0.47588193,3.8167617,1,1000490,,0.05789990186457311,0.014014014014014014,1422,1000490,F496,,,,,
0.48298246,3.8256352,1,1000483,,0.053974484789008834,0.015015015015015015,1418,1000483,F445,,,,,
0.46637806,3.8381956,1,1000415,,0.04808635917566242,0.016016016016016016,1398,1000415,F520,,,,,
0.54665834,3.7839456,1,1000836,,0.052011776251226695,0.018018018018018018,963,1000836,F701,,,,,
0.5240753,3.8131166,1,1000461,,0.05103042198233562,0.17717717717717718,1410,1000461,F524,,,,,
0.63020265,3.734378,1,1000563,,0.052011776251226695,0.11811811811811812,1447,1000563,F505,,,,,
0.6676537,3.7402616,1,1000864,,0.05691854759568204,0.32232232232232233,971,1000864,F532,,,,,
0.63849735,3.7671793,1,1000954,,0.06280667320902845,0.39039039039039036,1121,1000954,F859,,,,,
0.7342369,3.7404952,1,1000866,,0.04808635917566242,0.3883883883883884,972,1000866,F557,,,,,
0.7218273,3.7316918,1,1000416,,0.04808635917566242,0.35735735735735735,1399,1000416,F698,,,,,
1.4021451,3.750347,1,1000840,,0.047105004906771344,0.6546546546546547,966,1000840,F554,,,,,
1.191775,3.8648424,1,1000862,,0.058881256133464184,0.1841841841841842,970,1000862,F548,,,,,
1.2076095,3.672874,1,1000907,,0.04906771344455348,0.5225225225225225,1093,1000907,F495,,,,,
0.85724676,3.7296429,1,1000914,,0.05299313052011776,0.2982982982982983,1190,1000914,F552,,,,,
1.25037,3.6911373,1,1000916,,0.06575073601570167,0.6296296296296297,1098,1000916,F631,,,,,
1.0209517,3.731664,1,1000943,,0.045142296368989206,0.5555555555555556,1116,1000943,F858,,,,,
1.3833735,3.6951976,1,1000464,,0.040235525024533855,0.7267267267267268,1412,1000464,F473,,,,,
1.3221556,3.7576501,1,1000512,,0.040235525024533855,0.5015015015015015,1430,1000512,F560,,,,,
1.2975007,3.7573588,1,1000929,,0.06280667320902845,0.5265265265265265,1106,1000929,F567,,,,,
1.3836846,3.7560391,1,1000626,,0.050049067713444556,0.44844844844844844,894,1000626,F553,,,,,
0.93208534,3.7439787,1,1000670,,0.03532875368007851,0.6316316316316316,912,1000670,F470,,,,,
1.3748151,3.73421,1,1000766,,0.052011776251226695,0.7547547547547547,841,1000766,F754,,,,,
1.3765702,3.7155433,1,1000768,,0.04317958783120707,0.7607607607607607,842,1000768,F753,,,,,
1.3598977,3.675227,1,1000772,,0.04416094210009813,0.7717717717717718,844,1000772,F764,,,,,
1.375628,3.7091587,1,1000770,,0.06967615309126594,0.7127127127127127,843,1000770,F518,,,,,
1.378407,3.6690643,1,1000828,,0.08145240431795878,0.7247247247247247,863,1000828,F766,,,,,
20.655497,2.7893944,2,1000044,,0.052011776251226695,0.22322322322322322,138,1000044,R20,Variety-18,Variety-18,SourceA,Breeder seed,
20.663733,2.8283951,2,1000043,,0.047105004906771344,0.2852852852852853,137,1000043,R20,Variety-18,Variety-18,SourceA,Breeder seed,
21.522064,4.810076,3,1000055,,0.05986261040235525,0.011011011011011011,55,1000055,R49,Variety-31,Variety-31_c,SourceC,Breeder seed,
21.481678,4.7470818,3,1000003,,0.0549558390578999,0.011011011011011011,56,1000003,R49,Variety-31,Variety-31_c,SourceC,Breeder seed,
21.514603,4.741896,3,1000062,,0.07556427870461237,0.03303303303303303,57,1000062,R49,Variety-31,Variety-31_c,SourceC,Breeder seed,
21.523087,4.789641,3,1000099,,0.04808635917566242,0.03003003003003003,189,1000099,R49,Variety-31,Variety-31_c,SourceC,Breeder seed,
21.682173,4.8750978,3,1000006,,0.04317958783120707,0.04604604604604605,5,1000006,R65,Variety-39,Variety-39,SourceC,Breeder seed,
21.746656,4.938691,3,1000257,,0.05691854759568204,0.05305305305305305,1661,1000257,R64,Variety-39,Variety-39,SourceE,Certified seed,
21.660269,4.9115467,3,1000258,,0.05299313052011776,0.04904904904904905,1662,1000258,R64,Variety-39,Variety-39,SourceE,Certified seed,
21.673176,4.8832054,3,1000007,,0.04808635917566242,0.04804804804804805,6,1000007,R65,Variety-39,Variety-39,SourceC,Breeder seed,
22.144007,5.4705033,3,1000234,,0.05789990186457311,0.012012012012012012,464,1000234,F809,,,,,
21.854994,5.5143013,3,1000143,,0.05299313052011776,0.044044044044044044,423,1000143,F843,,,,,
21.902824,5.52136,3,1000242,,0.05299313052011776,0.03803803803803804,465,1000242,F810,,,,,
21.7519,5.0668592,3,1000183,,0.05593719332679097,0.03303303303303303,435,1000183,F14,,,,,
22.067137,5.4390235,3,1000141,,0.04906771344455348,0.02702702702702703,421,1000141,F834,,,,,
22.064125,5.4281626,3,1000199,,0.05789990186457311,0.02702702702702703,445,1000199,F801,,,,,
22.15935,5.464573,3,1000249,,0.05691854759568204,0.02002002002002002,470,1000249,F813,,,,,
21.829296,5.508073,3,1000195,,0.04808635917566242,0.057057057057057055,442,1000195,F799,,,,,
21.839111,5.4810753,3,1000197,,0.052011776251226695,0.05805805805805806,443,1000197,F800,,,,,
22.131168,5.4671726,3,1000243,,0.050049067713444556,0.023023023023023025,466,1000243,F811,,,,,
21.835976,5.508315,3,1000225,,0.05789990186457311,0.05905905905905906,457,1000225,F9,,,,,
21.702425,4.9855995,3,1000230,,0.05593719332679097,0.026026026026026026,461,1000230,F807,,,,,
21.919802,5.2679744,3,1000213,,0.0647693817468106,0.05305305305305305,455,1000213,F805,,,,,
22.107492,5.454251,3,1000182,,0.05103042198233562,0.03803803803803804,434,1000182,F795,,,,,
22.162792,5.483664,3,1000198,,0.05789990186457311,0.035035035035035036,444,1000198,F11,,,,,
21.57956,5.4523644,3,1000212,,0.06378802747791953,0.02902902902902903,454,1000212,F18,,,,,
21.452705,5.3790054,3,1000161,,0.04808635917566242,0.04004004004004004,429,1000161,F864,,,,,
20.640871,4.699143,3,1000210,,0.02649656526005888,0.34234234234234234,452,1000210,F804,,,,,
22.1694,5.4921427,3,1000186,,0.050049067713444556,0.02702702702702703,438,1000186,F33,,,,,
22.130547,5.48802,3,1000163,,0.052011776251226695,0.025025025025025027,430,1000163,F788,,,,,
21.806952,5.456195,3,1000185,,0.04906771344455348,0.05005005005005005,436,1000185,F22,,,,,
22.11443,5.4507604,3,1000232,,0.04906771344455348,0.04104104104104104,462,1000232,F808,,,,,
21.657682,4.989108,3,1000226,,0.05593719332679097,0.042042042042042045,458,1000226,F19,,,,,
21.838047,5.175696,3,1000202,,0.052011776251226695,0.06006006006006006,448,1000202,F15,,,,,
21.882093,5.525266,3,1000246,,0.04808635917566242,0.05005005005005005,468,1000246,F21,,,,,
21.754332,5.466765,3,1000244,,0.050049067713444556,0.05905905905905906,467,1000244,F812,,,,,
21.83129,5.4436817,3,1000208,,0.04906771344455348,0.055055055055055056,449,1000208,F802,,,,,
21.502464,5.425484,3,1000211,,0.05789990186457311,0.04904904904904905,453,1000211,F2,,,,,
20.584457,4.6286144,3,1000891,,0.03042198233562316,0.3353353353353353,1175,1000891,F537,,,,,
21.759956,5.105422,3,1000209,,0.05103042198233562,0.07307307307307308,451,1000209,F803,,,,,
22.207472,5.5004234,3,1000248,,0.04906771344455348,0.05805805805805806,469,1000248,F8,,,,,
21.64973,4.999885,3,1000181,,0.04612365063788027,0.08708708708708708,433,1000181,F17,,,,,
21.437696,5.365582,3,1000228,,0.05789990186457311,0.07307307307307308,459,1000228,F806,,,,,
20.795147,4.8388557,3,1000135,,0.033366045142296366,0.34434434434434436,418,1000135,F5,,,,,
20.608835,4.679987,3,1000145,,0.02845927379784102,0.3963963963963964,424,1000145,F26,,,,,
20.803509,4.855088,3,1000137,,0.03532875368007851,0.3433433433433433,419,1000137,F50,,,,,
21.382818,5.298549,3,1000201,,0.03532875368007851,0.11511511511511512,447,1000201,F4,,,,,
21.480715,4.957941,3,1000187,,0.02845927379784102,0.16816816816816818,439,1000187,F798,,,,,
20.829296,4.8737383,3,1000159,,0.02845927379784102,0.34134134134134136,428,1000159,F857,,,,,
21.815712,5.299687,3,1000156,,0.03140333660451423,0.23023023023023023,425,1000156,F850,,,,,
21.758093,5.2262397,3,1000165,,0.03042198233562316,0.24124124124124124,432,1000165,F12,,,,,
21.26336,5.263602,3,1000533,,0.02551521099116781,0.2992992992992993,571,1000533,F212,,,,,
21.234566,5.1832395,3,1000142,,0.033366045142296366,0.2992992992992993,422,1000142,F1,,,,,
21.270317,4.950149,3,1000158,,0.0323846908734053,0.3173173173173173,427,1000158,F16,,,,,
21.262943,4.9190216,3,1000214,,0.02845927379784102,0.33933933933933935,456,1000214,F25,,,,,
20.844496,4.8680654,3,1000157,,0.0323846908734053,0.4394394394394394,426,1000157,F20,,,,,
21.075792,4.936102,3,1000116,,0.03042198233562316,0.33933933933933935,409,1000116,F13,,,,,
21.094255,4.9260015,3,1000229,,0.03042198233562316,0.34934934934934936,460,1000229,F3,,,,,
20.965258,4.84545,3,1000188,,0.02649656526005888,0.42742742742742745,440,1000188,F7,,,,,
20.014435,1.5759459,2,1000657,,0.04906771344455348,0.013013013013013013,997,1000657,F551,,,,,
19.999529,1.5836143,2,1000721,,0.052011776251226695,0.03303303303303303,1018,1000721,F603,,,,,
20.016796,1.6089119,2,1000613,,0.053974484789008834,0.028028028028028028,980,1000613,F358,,,,,
20.016073,1.6091096,2,1000652,,0.04808635917566242,0.03003003003003003,993,1000652,F432,,,,,
20.002247,1.5906754,2,1000684,,0.045142296368989206,0.013013013013013013,1007,1000684,F529,,,,,
20.019073,1.6081976,2,1000810,,0.045142296368989206,0.018018018018018018,765,1000810,F513,,,,,
19.997852,1.5847508,2,1000809,,0.03925417075564279,0.015015015015015015,764,1000809,F494,,,,,
20.036602,1.6336211,2,1000818,,0.050049067713444556,0.042042042042042045,1049,1000818,F562,,,,,
19.978073,1.5642092,2,1000773,,0.05299313052011776,0.03203203203203203,1036,1000773,F413,,,,,
19.964134,1.5559621,2,1000835,,0.04906771344455348,0.03203203203203203,771,1000835,F840,,,,,
19.99471,1.5926353,2,1000859,,0.03925417075564279,0.022022022022022022,777,1000859,F391,,,,,
20.019136,1.6043441,2,1000373,,0.052011776251226695,0.04804804804804805,1476,1000373,F686,,,,,
20.381376,2.3941798,2,1000798,,0.04317958783120707,0.19519519519519518,1044,1000798,F565,,,,,
20.033464,1.624905,2,1000746,,0.04612365063788027,0.06106106106106106,1029,1000746,F855,,,,,
20.04808,1.6308107,2,1000332,,0.04317958783120707,0.05105105105105105,1464,1000332,F682,,,,,
20.027178,1.6276555,2,1000618,,0.04612365063788027,0.03203203203203203,983,1000618,F620,,,,,
20.421947,2.6997204,2,1000353,,0.04121687929342493,0.3073073073073073,1469,1000353,F685,,,,,
20.136843,1.7649387,2,1000741,,0.042198233562315994,0.17117117117117117,1026,1000741,F559,,,,,
20.427626,2.6868608,2,1000324,,0.042198233562315994,0.3163163163163163,1457,1000324,F687,,,,,
20.393436,2.7112665,2,1000349,,0.03729146221786065,0.3153153153153153,1467,1000349,F755,,,,,
20.197123,1.95609,2,1000707,,0.02747791952894995,0.1991991991991992,1015,1000707,F514,,,,,
20.038527,1.6984879,2,1000705,,0.0323846908734053,0.17417417417417416,1014,1000705,F697,,,,,
20.332876,2.739976,2,1000184,,0.050049067713444556,0.32932932932932935,1587,1000184,F796,,,,,
20.422533,2.6600704,2,1000327,,0.04121687929342493,0.31931931931931934,1459,1000327,F689,,,,,
20.396662,2.7471032,2,1000347,,0.04121687929342493,0.4084084084084084,1466,1000347,F690,,,,,
20.510435,2.537827,2,1000326,,0.047105004906771344,0.33733733733733734,1458,1000326,F663,,,,,
20.484493,2.605165,2,1000829,,0.04317958783120707,0.2962962962962963,1055,1000829,F317,,,,,
20.493029,2.5111084,2,1000351,,0.04612365063788027,0.32232232232232233,1468,1000351,F635,,,,,
20.501263,2.5040493,2,1000189,,0.052011776251226695,0.32432432432432434,1592,1000189,F786,,,,,
20.526167,2.4885268,2,1000372,,0.03631010794896958,0.3063063063063063,1475,1000372,F789,,,,,
20.443892,2.6514661,2,1000724,,0.02551521099116781,0.42542542542542544,1020,1000724,F535,,,,,
20.521788,2.5635774,2,1000378,,0.04121687929342493,0.37537537537537535,1479,1000378,F636,,,,,
20.398222,2.4677393,2,1000796,,0.02551521099116781,0.5245245245245245,1043,1000796,F639,,,,,
21.287287,4.952627,3,1000815,,0.04317958783120707,0.35535535535535534,959,1000815,F390,,,,,
20.800194,4.8416514,3,1000890,,0.03434739941118744,0.33733733733733734,1174,1000890,F775,,,,,
21.129421,5.1963043,3,1000901,,0.052011776251226695,0.044044044044044044,1183,1000901,F770,,,,,
20.725687,4.799687,3,1000906,,0.03729146221786065,0.3843843843843844,1092,1000906,F394,,,,,
20.64689,4.7256804,3,1000910,,0.03042198233562316,0.43743743743743746,1185,1000910,F387,,,,,
20.523146,4.558169,3,1000958,,0.04121687929342493,0.46346346346346345,1126,1000958,F476,,,,,
20.472126,4.5768156,3,1000385,,0.02551521099116781,0.3303303303303303,522,1000385,F169,,,,,
20.535141,4.7023125,3,1000439,,0.02551521099116781,0.7347347347347347,542,1000439,F77,,,,,
20.833525,4.896259,3,1000467,,0.042198233562315994,0.2802802802802803,1414,1000467,F869,,,,,
20.602482,4.6802025,3,1000506,,0.02453385672227674,0.6216216216216216,1425,1000506,F395,,,,,
12.596395,4.3004174,4,1000588,,0.0323846908734053,0.7147147147147147,589,1000588,F76,,,,,
21.21654,5.2074685,3,1000593,,0.0323846908734053,0.44844844844844844,683,1000593,F72,,,,,
20.49113,2.5930238,2,1000635,,0.02845927379784102,0.5555555555555556,987,1000635,F466,,,,,
20.471518,2.57558,2,1000637,,0.02747791952894995,0.5615615615615616,988,1000637,F419,,,,,
20.419334,2.8320768,2,1000678,,0.02551521099116781,0.4294294294294294,1004,1000678,F492,,,,,
6.3425117,10.280779,5,1000081,,0.06280667320902845,0.3953953953953954,169,1000081,R1,Variety-1,Variety-1,SourceA,Breeder seed,
6.3376474,10.29041,5,1000082,,0.05593719332679097,0.3983983983983984,170,1000082,R1,Variety-1,Variety-1,SourceA,Breeder seed,
7.5039706,9.728315,5,1000231,,0.06182531894013739,0.4924924924924925,1613,1000231,F871,,,,,
7.4502044,9.771688,5,1000235,,0.07360157016683022,0.4824824824824825,1616,1000235,F881,,,,,
9.408106,9.733857,5,1000010,,0.09421000981354269,0.05105105105105105,97,1000010,R2,Variety-2,Variety-2,SourceA,Breeder seed,
9.408599,9.700826,5,1000011,,0.0971540726202159,0.055055055055055056,98,1000011,R2,Variety-2,Variety-2,SourceA,Breeder seed,
8.776056,9.545739,5,1000012,,0.10598626104023552,0.037037037037037035,101,1000012,R3,Variety-3,Variety-3,SourceA,Breeder seed,
8.795769,9.576543,5,1000013,,0.08930323846908735,0.023023023023023025,102,1000013,R3,Variety-3,Variety-3,SourceA,Breeder seed,
7.412998,9.3709755,5,1000015,,0.0775269872423945,0.09009009009009009,106,1000015,R4,Variety-4,Variety-4,SourceA,Breeder seed,
7.3852024,9.415882,5,1000014,,0.0745829244357213,0.1011011011011011,105,1000014,R4,Variety-4,Variety-4,SourceA,Breeder seed,
7.0108075,10.536223,5,1000093,,0.06182531894013739,0.08708708708708708,89,1000093,R5,Variety-5,Variety-5,SourceB,Breeder seed,
7.00938,10.542178,5,1000094,,0.06182531894013739,0.2062062062062062,90,1000094,R5,Variety-5,Variety-5,SourceB,Breeder seed,
7.0301437,10.553929,5,1000071,,0.06673209028459273,0.014014014014014014,68,1000071,R7,Variety-7,Variety-7,SourceA,Breeder seed,
7.023188,9.570601,5,1000098,,0.08537782139352307,0.018018018018018018,94,1000098,R8,Variety-8,Variety-8,SourceB,Breeder seed,
7.0052557,9.633556,5,1000097,,0.058881256133464184,0.01701701701701702,93,1000097,R8,Variety-8,Variety-8,SourceB,Breeder seed,
9.832849,9.815753,5,1000016,,0.08047105004906771,0.026026026026026026,109,1000016,R11,Variety-11,Variety-11,SourceA,Breeder seed,
9.802021,9.803883,5,1000089,,0.09322865554465162,0.026026026026026026,87,1000089,R12,Variety-11,Variety-11,SourceB,Breeder seed,
9.829679,9.850648,5,1000090,,0.0775269872423945,0.014014014014014014,88,1000090,R12,Variety-11,Variety-11,SourceB,Breeder seed,
9.804836,9.828464,5,1000017,,0.08439646712463199,0.01701701701701702,110,1000017,R11,Variety-11,Variety-11,SourceA,Breeder seed,
6.4734178,11.218217,5,1000025,,0.06967615309126594,0.018018018018018018,116,1000025,R13,Variety-12,Variety-12,SourceA,Breeder seed,
6.4691677,11.224077,5,1000024,,0.06575073601570167,0.016016016016016016,115,1000024,R13,Variety-12,Variety-12,SourceA,Breeder seed,
5.882594,11.890558,5,1000033,,0.053974484789008834,0.4444444444444444,130,1000033,R15,Variety-14,Variety-14,SourceA,Breeder seed,
5.9578896,11.727062,5,1000032,,0.05691854759568204,0.46146146146146144,129,1000032,R15,Variety-14,Variety-14,SourceA,Breeder seed,
9.771688,9.772915,5,1000074,,0.0745829244357213,0.016016016016016016,72,1000074,R18,Variety-16,Variety-16,SourceB,Breeder seed,
9.722444,9.7458935,5,1000037,,0.07948969578017664,0.02002002002002002,134,1000037,R17,Variety-16,Variety-16,SourceA,Breeder seed,
9.77256,9.736608,5,1000036,,0.07850834151128558,0.023023023023023025,133,1000036,R17,Variety-16,Variety-16,SourceA,Breeder seed,
7.256587,9.110827,5,1000079,,0.08832188420019627,0.01701701701701702,79,1000079,R21,Variety-19,Variety-19,SourceB,Breeder seed,
7.2649446,9.106121,5,1000080,,0.0873405299313052,0.018018018018018018,80,1000080,R21,Variety-19,Variety-19,SourceB,Breeder seed,
7.0479116,9.687267,5,1000045,,0.09126594700686948,0.03403403403403404,139,1000045,R22,Variety-20,Variety-20,SourceA,Breeder seed,
7.1075044,9.630001,5,1000046,,0.08635917566241413,0.03003003003003003,140,1000046,R22,Variety-20,Variety-20,SourceA,Breeder seed,
4.9111595,14.399783,5,1000383,,0.06673209028459273,0.009009009009009009,521,1000383,F120,,,,,
5.00415,14.350204,5,1000582,,0.06280667320902845,0.004004004004004004,586,1000582,F151,,,,,
5.018687,14.25719,5,1000004,,0.06084396467124632,0.022022022022022022,59,1000004,R25,Variety-22,Variety-22,SourceC,Breeder seed,
5.544509,14.421971,5,1000985,,0.07262021589793916,0.08808808808808809,1238,1000985,F264,,,,,
5.5254626,14.395938,5,1000207,,0.06673209028459273,0.12512512512512514,1308,1000207,F259,,,,,
5.2865915,13.886564,5,1000064,,0.05789990186457311,0.1111111111111111,153,1000064,R31,Variety-26,Variety-26_a,SourceA,Breeder seed,
5.795277,12.368018,5,1000312,,0.058881256133464184,0.4264264264264264,1356,1000312,F355,,,,,
5.178953,13.969621,5,1000728,,0.05593719332679097,0.23023023023023023,831,1000728,F140,,,,,
5.5498457,13.167391,5,1000279,,0.06575073601570167,0.3383383383383383,1632,1000279,F300,,,,,
5.541089,14.2683935,5,1000492,,0.053974484789008834,0.46346346346346345,560,1000492,F112,,,,,
5.399996,12.332672,5,1000458,,0.050049067713444556,0.6186186186186187,640,1000458,F43,,,,,
5.841385,12.122341,5,1000460,,0.04612365063788027,0.6766766766766766,545,1000460,F134,,,,,
5.5853715,12.244781,5,1000702,,0.05103042198233562,0.6686686686686687,820,1000702,F846,,,,,
5.6646504,12.53058,5,1000878,,0.047105004906771344,0.6586586586586587,878,1000878,F503,,,,,
4.8594275,14.446648,5,1000281,,0.07654563297350343,0.01001001001001001,1341,1000281,F357,,,,,
5.057459,14.272127,5,1000606,,0.06084396467124632,0.009009009009009009,887,1000606,F271,,,,,
5.0620484,14.1921015,5,1000063,,0.053974484789008834,0.01901901901901902,58,1000063,R25,Variety-22,Variety-22,SourceC,Breeder seed,
5.63811,14.174791,5,1000418,,0.05299313052011776,0.24024024024024024,625,1000418,F82,,,,,
5.6633153,13.098651,5,1000220,,0.06182531894013739,0.35135135135135137,1318,1000220,F285,,,,,
5.03572,14.090538,5,1000265,,0.06378802747791953,0.11311311311311312,1666,1000265,R24,Variety-22,Variety-22,SourceE,Certified seed,
5.554502,14.35861,5,1000066,,0.06378802747791953,0.2062062062062062,155,1000066,F885,,,,,
5.3732257,13.696703,5,1000654,,0.0549558390578999,0.21121121121121122,803,1000654,F842,,,,,
5.3333435,13.720036,5,1000633,,0.04612365063788027,0.25825825825825827,794,1000633,F175,,,,,
5.4524927,13.006622,5,1000625,,0.05103042198233562,0.4644644644644645,701,1000625,F233,,,,,
5.537816,13.28284,5,1000564,,0.05691854759568204,0.5255255255255256,583,1000564,F117,,,,,
5.708729,12.666204,5,1000615,,0.04612365063788027,0.5245245245245245,790,1000615,F141,,,,,
5.7107058,12.274187,5,1000474,,0.04416094210009813,0.6506506506506506,643,1000474,F42,,,,,
4.999634,14.3003025,5,1000255,,0.06967615309126594,0.008008008008008008,1330,1000255,F253,,,,,
5.0156016,14.278233,5,1000173,,0.07065750736015702,0.01001001001001001,228,1000173,R27,Variety-22,Variety-22,SourceD,Certified seed,
5.4833503,14.445665,5,1000399,,0.06378802747791953,0.02902902902902903,620,1000399,F84,,,,,
5.378304,14.403757,5,1000050,,0.06869479882237488,0.056056056056056056,144,1000050,F894,,,,,
5.223019,14.233672,5,1000179,,0.06771344455348381,0.14014014014014015,1296,1000179,F286,,,,,
4.987369,14.138392,5,1000479,,0.045142296368989206,0.06606606606606606,646,1000479,F86,,,,,
5.4566293,14.280912,5,1000628,,0.05103042198233562,0.18618618618618618,895,1000628,F113,,,,,
5.2869115,13.862589,5,1000388,,0.05299313052011776,0.1881881881881882,525,1000388,F145,,,,,
5.330315,12.914191,5,1000240,,0.053974484789008834,0.4084084084084084,1326,1000240,F303,,,,,
5.561355,12.792289,5,1000238,,0.052011776251226695,0.5185185185185185,1324,1000238,F284,,,,,
5.7318106,12.650105,5,1000292,,0.05691854759568204,0.47347347347347346,1638,1000292,F239,,,,,
5.5146246,12.72171,5,1000429,,0.05299313052011776,0.6086086086086087,631,1000429,F44,,,,,
5.5226507,12.92876,5,1000463,,0.03631010794896958,0.5475475475475475,547,1000463,F122,,,,,
5.551396,12.584722,5,1000631,,0.042198233562315994,0.6166166166166166,793,1000631,F216,,,,,
4.8427806,14.489219,5,1000151,,0.07948969578017664,0.014014014014014014,222,1000151,R26,Variety-22,Variety-22,SourceB,Breeder seed,
4.9669485,14.34991,5,1000898,,0.06575073601570167,0.006006006006006006,1179,1000898,F277,,,,,
4.9152937,14.472522,5,1000342,,0.06575073601570167,0.011011011011011011,1375,1000342,F262,,,,,
5.207453,14.05294,5,1000603,,0.05986261040235525,0.021021021021021023,885,1000603,F276,,,,,
5.7291102,12.976305,5,1000299,,0.058881256133464184,0.3533533533533533,1348,1000299,F292,,,,,
5.5522184,14.444719,5,1000205,,0.058881256133464184,0.14214214214214213,1306,1000205,F282,,,,,
5.4202332,13.606005,5,1000848,,0.05986261040235525,0.2722722722722723,1058,1000848,F324,,,,,
5.3059006,14.01053,5,1000497,,0.05299313052011776,0.1891891891891892,651,1000497,F81,,,,,
5.4975185,13.565544,5,1000634,,0.04416094210009813,0.24424424424424424,795,1000634,F176,,,,,
5.1729527,13.872274,5,1001010,,0.06280667320902845,0.3253253253253253,1253,1001010,F308,,,,,
5.359257,12.9369545,5,1000993,,0.05789990186457311,0.4994994994994995,1243,1000993,F469,,,,,
5.4900265,12.90848,5,1000448,,0.04906771344455348,0.4974974974974975,635,1000448,F34,,,,,
5.520528,12.829126,5,1000502,,0.040235525024533855,0.5555555555555556,654,1000502,F52,,,,,
5.6018014,12.568253,5,1000489,,0.04808635917566242,0.6426426426426426,557,1000489,F106,,,,,
4.8920155,14.418842,5,1000269,,0.07262021589793916,0.01001001001001001,1626,1000269,F311,,,,,
4.8586764,14.445974,5,1000986,,0.07850834151128558,0.011011011011011011,1240,1000986,F397,,,,,
5.068002,14.288942,5,1000510,,0.05691854759568204,0.009009009009009009,1429,1000510,F489,,,,,
5.335207,14.403183,5,1000049,,0.06378802747791953,0.07307307307307308,143,1000049,F893,,,,,
5.4456916,12.791358,5,1000371,,0.05299313052011776,0.37037037037037035,610,1000371,F90,,,,,
5.011697,14.24749,5,1000263,,0.0745829244357213,0.12012012012012012,1665,1000263,R24,Variety-22,Variety-22,SourceE,Certified seed,
5.426508,13.636536,5,1000278,,0.05986261040235525,0.24824824824824826,1631,1000278,F266,,,,,
5.30034,13.7579565,5,1000256,,0.06378802747791953,0.26226226226226224,1331,1000256,F306,,,,,
5.453232,13.566272,5,1000685,,0.04612365063788027,0.24624624624624625,816,1000685,F125,,,,,
5.5362887,13.523107,5,1000499,,0.05593719332679097,0.4244244244244244,652,1000499,F88,,,,,
5.4632993,13.480102,5,1000454,,0.04808635917566242,0.37737737737737737,638,1000454,F831,,,,,
5.4662066,12.625218,5,1000272,,0.04121687929342493,0.5485485485485485,476,1000272,F218,,,,,
5.624173,12.367512,5,1000393,,0.04121687929342493,0.6606606606606606,528,1000393,F219,,,,,
5.7543564,12.303112,5,1000802,,0.047105004906771344,0.6836836836836837,855,1000802,F354,,,,,
4.9523764,14.378775,5,1000177,,0.06869479882237488,0.008008008008008008,1295,1000177,F261,,,,,
4.946336,14.428467,5,1000171,,0.06673209028459273,0.008008008008008008,227,1000171,R27,Variety-22,Variety-22,SourceD,Certified seed,
5.094765,14.359074,5,1000419,,0.06673209028459273,0.02902902902902903,626,1000419,F93,,,,,
5.088423,14.115194,5,1000661,,0.06378802747791953,0.04104104104104104,999,1000661,F873,,,,,
5.7069535,13.016378,5,1000273,,0.06084396467124632,0.37737737737737737,1628,1000273,F293,,,,,
5.266623,13.906884,5,1000065,,0.06182531894013739,0.11211211211211211,154,1000065,R31,Variety-26,Variety-26_a,SourceA,Breeder seed,
5.545721,14.4006195,5,1000127,,0.05789990186457311,0.1871871871871872,1274,1000127,F256,,,,,
4.9873934,14.073365,5,1000386,,0.058881256133464184,0.2902902902902903,1388,1000386,F302,,,,,
5.430832,13.572093,5,1000297,,0.06182531894013739,0.3763763763763764,1345,1000297,F865,,,,,
5.600801,13.326129,5,1000343,,0.047105004906771344,0.37237237237237236,1376,1000343,F281,,,,,
5.502315,13.338146,5,1000346,,0.052011776251226695,0.45145145145145144,601,1000346,F51,,,,,
5.8479276,12.4085865,5,1000486,,0.04416094210009813,0.5935935935935935,555,1000486,F187,,,,,
5.761452,12.518903,5,1000853,,0.0647693817468106,0.6296296296296297,869,1000853,F716,,,,,
5.567113,12.858975,5,1000720,,0.040235525024533855,0.6276276276276276,826,1000720,F142,,,,,
6.647591,9.91445,5,1000057,,0.06575073601570167,0.1941941941941942,148,1000057,R28,Variety-23,Variety-23,SourceA,Breeder seed,
6.650092,9.906422,5,1000056,,0.06378802747791953,0.1991991991991992,147,1000056,R28,Variety-23,Variety-23,SourceA,Breeder seed,
7.2571726,9.8833685,5,1000059,,0.07654563297350343,0.04004004004004004,150,1000059,R29,Variety-24,Variety-24,SourceA,Breeder seed,
7.296218,9.874073,5,1000058,,0.08635917566241413,0.07407407407407407,149,1000058,R29,Variety-24,Variety-24,SourceA,Breeder seed,
7.291251,9.92606,5,1000310,,0.05986261040235525,0.23523523523523523,1646,1000310,R68,Variety-41,Variety-41,SourceD,Certified seed,
6.4253874,10.190707,5,1000061,,0.07065750736015702,0.3963963963963964,152,1000061,R30,Variety-25,Variety-25,SourceA,Breeder seed,
6.4929514,10.1975765,5,1000060,,0.058881256133464184,0.3993993993993994,151,1000060,R30,Variety-25,Variety-25,SourceA,Breeder seed,
6.8239565,9.910386,5,1000130,,0.08341511285574092,0.026026026026026026,214,1000130,R45,Variety-28,Variety-28,SourceB,Breeder seed,
6.7782564,9.924488,5,1000132,,0.07850834151128558,0.044044044044044044,215,1000132,R45,Variety-28,Variety-28,SourceB,Breeder seed,
6.738786,9.935878,5,1000233,,0.07850834151128558,0.06506506506506507,1615,1000233,F886,,,,,
9.11833,10.064892,5,1000218,,0.04906771344455348,0.2782782782782783,252,1000218,F872,,,,,
7.0124183,10.516935,5,1000216,,0.050049067713444556,0.5095095095095095,250,1000216,F874,,,,,
9.132633,9.555228,5,1000437,,0.06869479882237488,0.34634634634634637,540,1000437,F171,,,,,
9.169417,9.58479,5,1000303,,0.08145240431795878,0.3913913913913914,1641,1000303,F875,,,,,
9.237737,9.583787,5,1000305,,0.06967615309126594,0.40540540540540543,1642,1000305,F876,,,,,
9.115672,9.539725,5,1000568,,0.06378802747791953,0.38538538538538536,673,1000568,F170,,,,,
7.1741357,7.7607822,5,1000107,,0.06869479882237488,0.3003003003003003,406,1000107,F787,,,,,
7.3451953,8.093755,5,1000538,,0.06673209028459273,0.4314314314314314,576,1000538,F213,,,,,
7.183615,7.69521,5,1000356,,0.04612365063788027,0.43243243243243246,606,1000356,F823,,,,,
7.3473554,7.7158427,5,1000699,,0.0647693817468106,0.4724724724724725,817,1000699,F158,,,,,
7.2851443,7.2861648,5,1000763,,0.09126594700686948,0.01901901901901902,751,1000763,F101,,,,,
7.204064,7.739941,5,1000106,,0.06869479882237488,0.2132132132132132,405,1000106,F38,,,,,
7.4047265,7.78012,5,1000462,,0.06182531894013739,0.38238238238238237,546,1000462,F153,,,,,
7.334921,8.000167,5,1000754,,0.06280667320902845,0.44844844844844844,746,1000754,F49,,,,,
7.3843827,7.5678954,5,1000340,,0.05691854759568204,0.3263263263263263,509,1000340,F177,,,,,
7.2284904,7.6427364,5,1000722,,0.05691854759568204,0.46546546546546547,827,1000722,F157,,,,,
7.2754917,7.255531,5,1000379,,0.08930323846908735,0.02002002002002002,615,1000379,F46,,,,,
7.2539134,7.620913,5,1000110,,0.06084396467124632,0.25825825825825827,408,1000110,F35,,,,,
7.238256,7.3862486,5,1000374,,0.05789990186457311,0.25225225225225223,612,1000374,F826,,,,,
7.2519608,7.557421,5,1000549,,0.06575073601570167,0.3833833833833834,671,1000549,F116,,,,,
7.283077,7.8935404,5,1000325,,0.04808635917566242,0.4894894894894895,593,1000325,F821,,,,,
7.414097,7.7801986,5,1000508,,0.04612365063788027,0.5065065065065065,562,1000508,F178,,,,,
7.2932663,7.2762456,5,1000759,,0.07654563297350343,0.018018018018018018,749,1000759,F100,,,,,
7.2570634,7.280713,5,1000102,,0.06869479882237488,0.1841841841841842,402,1000102,F45,,,,,
7.306632,7.949439,5,1000573,,0.0647693817468106,0.34134134134134136,676,1000573,F210,,,,,
7.5008183,7.7718015,5,1000133,,0.05299313052011776,0.5625625625625625,417,1000133,F37,,,,,
7.479991,7.7178187,5,1000365,,0.042198233562315994,0.3843843843843844,517,1000365,F155,,,,,
7.3902926,8.0229025,5,1000307,,0.058881256133464184,0.5415415415415415,1644,1000307,F878,,,,,
7.287405,7.2504478,5,1000761,,0.07850834151128558,0.018018018018018018,750,1000761,F839,,,,,
7.249207,7.3300624,5,1000504,,0.06575073601570167,0.23623623623623624,655,1000504,F32,,,,,
7.2387877,7.269812,5,1000397,,0.05986261040235525,0.2992992992992993,618,1000397,F48,,,,,
7.24908,7.3616586,5,1000331,,0.06771344455348381,0.3123123123123123,598,1000331,F136,,,,,
7.280117,7.742581,5,1000638,,0.0647693817468106,0.4194194194194194,797,1000638,F193,,,,,
7.3703322,7.7590775,5,1000636,,0.04317958783120707,0.5075075075075075,796,1000636,F167,,,,,
7.2216244,7.2997193,5,1000450,,0.06967615309126594,0.12112112112112113,636,1000450,F830,,,,,
7.530489,7.7646546,5,1000268,,0.04416094210009813,0.44344344344344344,474,1000268,F152,,,,,
7.4025526,8.081879,5,1000104,,0.04808635917566242,0.46146146146146144,404,1000104,F39,,,,,
7.23252,7.3615236,5,1000531,,0.052011776251226695,0.34134134134134136,570,1000531,F174,,,,,
7.2321186,7.544954,5,1000333,,0.05593719332679097,0.4064064064064064,600,1000333,F822,,,,,
7.345751,8.025554,5,1000148,,0.06378802747791953,0.5625625625625625,220,1000148,F877,,,,,
7.492607,9.757976,5,1000245,,0.06280667320902845,0.4894894894894895,1619,1000245,F882,,,,,
6.6555657,9.952439,5,1000086,,0.04612365063788027,0.46046046046046046,84,1000086,R66,Variety-40,Variety-40,SourceD,Certified seed,
6.616911,9.920104,5,1000085,,0.04612365063788027,0.4774774774774775,83,1000085,R66,Variety-40,Variety-40,SourceD,Certified seed,
6.364835,10.806557,5,1000078,,0.10402355250245339,0.3793793793793794,166,1000078,R67,Variety-41,Variety-41,SourceA,Breeder seed,
6.304321,10.815716,5,1000077,,0.0549558390578999,0.4314314314314314,165,1000077,R67,Variety-41,Variety-41,SourceA,Breeder seed,
7.7044888,9.804003,5,1000103,,0.04612365063788027,0.7947947947947948,1555,1000103,F721,,,,,
5.6239653,11.855971,5,1000164,,0.04416094210009813,0.6906906906906907,431,1000164,F68,,,,,
5.740414,12.228874,5,1000501,,0.052011776251226695,0.47847847847847846,653,1000501,F832,,,,,
6.144935,11.556987,5,1000509,,0.03140333660451423,0.8018018018018018,563,1000509,F818,,,,,
6.302376,11.496537,5,1000513,,0.06084396467124632,0.46046046046046046,566,1000513,F190,,,,,
7.379623,9.9541025,5,1000517,,0.05691854759568204,0.7897897897897898,1521,1000517,F734,,,,,
7.284028,9.204089,5,1000518,,0.053974484789008834,0.2172172172172172,657,1000518,F63,,,,,
9.048284,10.407435,5,1000523,,0.058881256133464184,0.022022022022022022,661,1000523,F182,,,,,
9.069475,10.38706,5,1000547,,0.04906771344455348,0.11611611611611612,670,1000547,F191,,,,,
5.7830853,12.148211,5,1000529,,0.04317958783120707,0.6706706706706707,664,1000529,F119,,,,,
7.6283283,7.8999968,5,1000534,,0.03925417075564279,0.5755755755755756,572,1000534,F188,,,,,
6.1653132,10.085102,5,1000536,,0.047105004906771344,0.6806806806806807,575,1000536,F204,,,,,
6.4977202,11.968123,5,1000384,,0.04808635917566242,0.4044044044044044,1386,1000384,F475,,,,,
6.544887,11.922343,5,1000166,,0.05593719332679097,0.46846846846846846,1289,1000166,F342,,,,,
6.4621515,11.873273,5,1000336,,0.05103042198233562,0.5495495495495496,1371,1000336,F340,,,,,
6.641115,11.819988,5,1000695,,0.04612365063788027,0.6566566566566566,727,1000695,F837,,,,,
6.3133006,11.933612,5,1000196,,0.04906771344455348,0.6336336336336337,1594,1000196,F785,,,,,
6.5876703,11.916502,5,1000377,,0.05691854759568204,0.4004004004004004,614,1000377,F89,,,,,
5.812523,11.484495,5,1000540,,0.04317958783120707,0.5585585585585585,665,1000540,F833,,,,,
6.4052763,11.446355,5,1000557,,0.04808635917566242,0.6406406406406406,1444,1000557,F249,,,,,
6.0288777,12.259419,5,1000561,,0.053974484789008834,0.37237237237237236,1446,1000561,F240,,,,,
8.145251,9.681721,5,1000562,,0.06673209028459273,0.47647647647647645,582,1000562,F105,,,,,
7.8738546,9.508288,5,1000569,,0.05593719332679097,0.5715715715715716,674,1000569,F121,,,,,
7.1724615,10.118209,5,1000579,,0.052011776251226695,0.4184184184184184,680,1000579,F118,,,,,
7.1287003,10.00594,5,1000586,,0.06771344455348381,0.5005005005005005,588,1000586,F123,,,,,
8.260166,9.622687,5,1000609,,0.053974484789008834,0.6026026026026026,786,1000609,F124,,,,,
5.7346168,12.954166,5,1000382,,0.04906771344455348,0.3933933933933934,1385,1000382,F289,,,,,
5.7884874,12.775974,5,1000168,,0.06084396467124632,0.4964964964964965,1290,1000168,F305,,,,,
6.0227294,10.240678,5,1000612,,0.042198233562315994,0.6476476476476476,788,1000612,F137,,,,,
7.4098606,8.264853,5,1000617,,0.12855740922473013,0.5645645645645646,791,1000617,F162,,,,,
9.58634,9.876236,5,1000623,,0.03729146221786065,0.44544544544544545,891,1000623,F245,,,,,
7.063688,2.1327064,6,1000644,,0.05103042198233562,0.42742742742742745,898,1000644,F781,,,,,
7.033854,2.1963623,6,1000643,,0.052011776251226695,0.47347347347347346,897,1000643,F782,,,,,
7.019642,2.2528155,6,1000854,,0.053974484789008834,0.5555555555555556,1061,1000854,F693,,,,,
7.0602922,2.165542,6,1000925,,0.05299313052011776,0.5375375375375375,1198,1000925,F773,,,,,
7.005977,2.2456913,6,1000944,,0.0549558390578999,0.6046046046046046,1118,1000944,F517,,,,,
5.747171,12.449567,5,1000658,,0.05789990186457311,0.3833833833833834,806,1000658,F198,,,,,
6.5970407,11.805292,5,1000671,,0.06378802747791953,0.6626626626626627,809,1000671,F164,,,,,
9.188859,9.662193,5,1000673,,0.1393523061825319,0.3233233233233233,810,1000673,F129,,,,,
7.4434867,7.9842777,5,1000677,,0.09519136408243375,0.41541541541541543,812,1000677,F135,,,,,
8.835933,10.199624,5,1000191,,0.05103042198233562,0.5415415415415415,1300,1000191,F468,,,,,
6.6021724,11.800188,5,1000726,,0.06084396467124632,0.6366366366366366,830,1000726,F161,,,,,
6.662612,11.826196,5,1000679,,0.052011776251226695,0.6596596596596597,813,1000679,F163,,,,,
7.51116,8.87052,5,1000683,,0.05691854759568204,0.5575575575575575,815,1000683,F168,,,,,
6.994454,2.2466748,6,1000686,,0.04416094210009813,0.5955955955955956,913,1000686,F779,,,,,
7.1695886,1.9708546,6,1000691,,0.053974484789008834,0.5265265265265265,916,1000691,F772,,,,,
6.504274,11.561154,5,1000696,,0.06084396467124632,0.5905905905905906,919,1000696,F654,,,,,
8.948258,9.70451,5,1000704,,0.038272816486751716,0.6016016016016016,821,1000704,F847,,,,,
5.897779,11.075449,5,1000709,,0.14622178606476938,0.6006006006006006,729,1000709,F838,,,,,
5.933313,11.392712,5,1000732,,0.0323846908734053,0.7507507507507507,739,1000732,F64,,,,,
5.8553314,11.438416,5,1000734,,0.040235525024533855,0.4954954954954955,741,1000734,F70,,,,,
5.443155,13.764592,5,1000193,,0.06673209028459273,0.14414414414414414,1301,1000193,F294,,,,,
6.5514655,10.339774,5,1000736,,0.042198233562315994,0.6926926926926927,742,1000736,F74,,,,,
5.7630625,11.698646,5,1000738,,0.06182531894013739,0.11611611611611612,743,1000738,F73,,,,,
8.540718,10.041692,5,1000748,,0.052011776251226695,0.5245245245245245,1030,1000748,F383,,,,,
6.952905,10.016721,5,1000767,,0.04808635917566242,0.6876876876876877,1033,1000767,F509,,,,,
7.688687,10.102236,5,1000778,,0.04808635917566242,0.5485485485485485,847,1000778,F343,,,,,
9.023665,10.345803,5,1001003,,0.06084396467124632,0.2672672672672673,1157,1001003,F776,,,,,
9.0237465,10.387142,5,1000783,,0.05299313052011776,0.2832832832832833,946,1000783,F337,,,,,
6.86593,10.513335,5,1000814,,0.05299313052011776,0.23423423423423423,767,1000814,F640,,,,,
9.734057,9.795779,5,1000821,,0.04808635917566242,0.27927927927927926,859,1000821,F521,,,,,
5.664649,11.800773,5,1000200,,0.03925417075564279,0.5665665665665666,446,1000200,F69,,,,,
5.985291,9.79523,5,1000850,,0.04906771344455348,0.5585585585585585,1059,1000850,F346,,,,,
9.438326,9.89926,5,1000851,,0.04906771344455348,0.1061061061061061,868,1000851,F541,,,,,
6.195915,10.163456,5,1000865,,0.047105004906771344,0.6946946946946947,780,1000865,F637,,,,,
6.221081,11.610447,5,1000872,,0.05103042198233562,0.6146146146146146,1066,1000872,F410,,,,,
6.1384034,11.378163,5,1000885,,0.04416094210009813,0.7737737737737738,1080,1000885,F516,,,,,
6.551386,11.507398,5,1000915,,0.06280667320902845,0.5975975975975976,1097,1000915,F573,,,,,
7.1129727,9.858698,5,1000918,,0.06967615309126594,0.3083083083083083,1101,1000918,F572,,,,,
6.783435,10.083711,5,1000934,,0.05789990186457311,0.5475475475475475,1112,1000934,F406,,,,,
6.0137267,11.7687235,5,1000949,,0.06182531894013739,0.35035035035035034,1211,1000949,F272,,,,,
6.5017242,11.948643,5,1000215,,0.06084396467124632,0.4744744744744745,1313,1000215,F331,,,,,
6.965981,2.335145,6,1000952,,0.05103042198233562,0.5285285285285285,1215,1000952,F783,,,,,
5.4613404,12.700094,5,1000975,,0.05593719332679097,0.4014014014014014,1231,1000975,F296,,,,,
3.902487,7.781897,7,1000997,,0.07065750736015702,0.5075075075075075,1247,1000997,F352,,,,,
5.421698,13.068369,5,1001007,,0.06575073601570167,0.1841841841841842,1250,1001007,F265,,,,,
6.178845,11.711475,5,1001011,,0.05299313052011776,0.5795795795795796,1254,1001011,F257,,,,,
4.017157,7.8279996,7,1001019,,0.0647693817468106,0.3033033033033033,1262,1001019,F330,,,,,
6.280914,12.021286,5,1000223,,0.05593719332679097,0.5245245245245245,1320,1000223,F444,,,,,
6.09909,12.46698,5,1000237,,0.05299313052011776,0.5325325325325325,1323,1000237,F295,,,,,
3.6390727,7.479109,7,1001009,,0.08832188420019627,0.08308308308308308,1252,1001009,F328,,,,,
3.688371,7.530349,7,1001017,,0.08243375858684986,0.21621621621621623,1260,1001017,F321,,,,,
3.83124,7.6604276,7,1000996,,0.07654563297350343,0.3033033033033033,1246,1000996,F318,,,,,
3.6472023,7.4860926,7,1000302,,0.08832188420019627,0.012012012012012012,1352,1000302,R70,Variety-43,Variety-43,SourceA,Breeder seed,
3.7184203,7.5532885,7,1000131,,0.08243375858684986,0.16616616616616617,1279,1000131,F315,,,,,
3.7784169,7.607993,7,1000322,,0.06084396467124632,0.19519519519519518,1368,1000322,F316,,,,,
3.8851655,7.7160425,7,1000983,,0.0647693817468106,0.37037037037037035,1233,1000983,F258,,,,,
3.6186743,7.4573207,7,1001012,,0.09617271835132483,0.01701701701701702,1256,1001012,R70,Variety-43,Variety-43,SourceA,Breeder seed,
3.6306338,7.469013,7,1000406,,0.05789990186457311,0.014014014014014014,1393,1000406,F243,,,,,
4.033743,7.864571,7,1000507,,0.05103042198233562,0.3973973973973974,561,1000507,F148,,,,,
3.7100434,7.5465236,7,1000583,,0.04808635917566242,0.46646646646646645,1451,1000583,F251,,,,,
3.6282253,7.4669166,7,1000992,,0.09028459273797841,0.036036036036036036,1242,1000992,F304,,,,,
4.07848,7.910701,7,1000335,,0.05103042198233562,0.3333333333333333,1370,1000335,F252,,,,,
3.7376251,7.5718355,7,1000194,,0.06084396467124632,0.18118118118118118,1302,1000194,F263,,,,,
3.9720464,7.797276,7,1000338,,0.045142296368989206,0.5635635635635635,508,1000338,F144,,,,,
3.6201227,7.4576836,7,1000125,,0.09126594700686948,0.05905905905905906,1273,1000125,F339,,,,,
4.068843,7.903584,7,1000111,,0.050049067713444556,0.3283283283283283,1266,1000111,F260,,,,,
3.698689,7.537115,7,1000897,,0.07948969578017664,0.25925925925925924,1178,1000897,F329,,,,,
3.970348,7.77342,7,1000301,,0.0549558390578999,0.5185185185185185,1350,1000301,F313,,,,,
4.1467113,8.006402,7,1000219,,0.05986261040235525,0.33433433433433435,1317,1000219,F322,,,,,
4.1447396,7.9179463,7,1000998,,0.05986261040235525,0.3943943943943944,1248,1000998,F334,,,,,
3.8121932,7.6440415,7,1000152,,0.06575073601570167,0.3133133133133133,1287,1000152,F332,,,,,
3.9938166,7.8020773,7,1000361,,0.04317958783120707,0.5755755755755756,513,1000361,F149,,,,,
8.359472,9.996084,5,1000271,,0.04612365063788027,0.7007007007007007,1627,1000271,F241,,,,,
6.0995507,11.878679,5,1000274,,0.045142296368989206,0.5565565565565566,477,1000274,F139,,,,,
7.415654,8.307309,5,1000276,,0.05789990186457311,0.5045045045045045,478,1000276,F97,,,,,
6.0898213,12.260148,5,1000277,,0.06280667320902845,0.37737737737737737,1630,1000277,F310,,,,,
6.1326094,11.836909,5,1000283,,0.053974484789008834,0.5735735735735735,1344,1000283,F280,,,,,
7.3591566,8.600549,5,1000535,,0.04416094210009813,0.3813813813813814,573,1000535,F183,,,,,
7.3347487,8.545347,5,1000284,,0.04808635917566242,0.22522522522522523,481,1000284,F181,,,,,
7.235817,9.90706,5,1000344,,0.09322865554465162,0.023023023023023025,512,1000344,F143,,,,,
7.2314973,9.767169,5,1000289,,0.06673209028459273,0.025025025025025027,484,1000289,F75,,,,,
5.750867,12.225013,5,1000290,,0.05103042198233562,0.6656656656656657,1636,1000290,F250,,,,,
7.440117,8.309446,5,1000293,,0.07654563297350343,0.17417417417417416,487,1000293,F197,,,,,
7.4744625,8.364534,5,1000525,,0.0647693817468106,0.24724724724724725,662,1000525,F194,,,,,
9.151937,9.706293,5,1000295,,0.05299313052011776,0.3613613613613614,488,1000295,F127,,,,,
8.948935,9.755464,5,1000566,,0.06084396467124632,0.4854854854854855,584,1000566,F128,,,,,
6.437503,10.906677,5,1000300,,0.0647693817468106,0.6076076076076076,1349,1000300,F323,,,,,
7.8651123,1.6981417,6,1000304,,0.1746810598626104,0.5765765765765766,490,1000304,F209,,,,,
8.296544,9.68767,5,1000306,,0.047105004906771344,0.5405405405405406,492,1000306,F130,,,,,
9.028987,10.40375,5,1000309,,0.07360157016683022,0.016016016016016016,494,1000309,F814,,,,,
3.9844143,7.816135,7,1000311,,0.052011776251226695,0.44344344344344344,1355,1000311,F255,,,,,
6.2696767,11.657098,5,1000314,,0.05299313052011776,0.5755755755755756,1358,1000314,F314,,,,,
9.145646,9.716208,5,1000317,,0.04906771344455348,0.5735735735735735,499,1000317,F110,,,,,
6.741284,11.061621,5,1000551,,0.045142296368989206,0.5445445445445446,672,1000551,F107,,,,,
6.7375455,11.101739,5,1000321,,0.0745829244357213,0.026026026026026026,503,1000321,F132,,,,,
6.8155355,11.035199,5,1000412,,0.05593719332679097,0.3433433433433433,532,1000412,F133,,,,,
6.7713046,11.041212,5,1000653,,0.0549558390578999,0.46846846846846846,802,1000653,F214,,,,,
7.311662,9.886651,5,1000118,,0.045142296368989206,0.7817817817817818,1563,1000118,F733,,,,,
5.6876264,12.38158,5,1000323,,0.05789990186457311,0.6076076076076076,504,1000323,F189,,,,,
5.3935566,12.258828,5,1000328,,0.05299313052011776,0.3713713713713714,596,1000328,F79,,,,,
5.3940425,12.180882,5,1000368,,0.050049067713444556,0.5475475475475475,520,1000368,F138,,,,,
6.8293414,9.112862,5,1000329,,0.04906771344455348,0.6076076076076076,597,1000329,F59,,,,,
6.287297,10.8058405,5,1000345,,0.04416094210009813,0.3113113113113113,1465,1000345,F576,,,,,
5.4276285,12.072528,5,1000348,,0.04808635917566242,0.5005005005005005,602,1000348,F80,,,,,
7.188364,9.250187,5,1000350,,0.06869479882237488,0.24024024024024024,603,1000350,F30,,,,,
6.965585,9.182745,5,1000352,,0.058881256133464184,0.6156156156156156,604,1000352,F55,,,,,
5.3970084,12.185251,5,1000354,,0.045142296368989206,0.5345345345345346,605,1000354,F91,,,,,
6.942426,9.108846,5,1000358,,0.04317958783120707,0.5955955955955956,607,1000358,F824,,,,,
8.827025,9.917824,5,1000360,,0.08341511285574092,0.011011011011011011,608,1000360,F24,,,,,
8.773813,9.915173,5,1000405,,0.05103042198233562,0.3843843843843844,624,1000405,F27,,,,,
6.037706,12.6204815,5,1000362,,0.050049067713444556,0.3883883883883884,1379,1000362,F288,,,,,
6.127327,12.512163,5,1000887,,0.06378802747791953,0.36536536536536535,1171,1000887,F307,,,,,
5.6998687,11.539988,5,1000363,,0.05986261040235525,0.37037037037037035,515,1000363,F146,,,,,
5.356851,12.902668,5,1000364,,0.047105004906771344,0.23623623623623624,1380,1000364,F866,,,,,
6.3970766,11.268825,5,1000366,,0.033366045142296366,0.6186186186186187,1383,1000366,F327,,,,,
7.287698,9.244726,5,1000370,,0.06378802747791953,0.3793793793793794,609,1000370,F66,,,,,
7.163253,9.835762,5,1000375,,0.04612365063788027,0.7677677677677678,1477,1000375,F718,,,,,
5.828203,12.453763,5,1000376,,0.053974484789008834,0.3763763763763764,613,1000376,F83,,,,,
7.072399,9.433328,5,1000381,,0.06673209028459273,0.4674674674674675,616,1000381,F61,,,,,
9.877203,9.877445,5,1000855,,0.06084396467124632,0.16816816816816818,870,1000855,F511,,,,,
9.824287,9.852058,5,1000119,,0.04416094210009813,0.36936936936936937,1564,1000119,F719,,,,,
9.741612,9.832478,5,1000522,,0.04317958783120707,0.45045045045045046,1525,1000522,F710,,,,,
9.84683,9.812128,5,1000825,,0.06673209028459273,0.07607607607607608,861,1000825,F713,,,,,
7.512791,7.8632126,5,1000390,,0.05593719332679097,0.45845845845845845,526,1000390,F154,,,,,
6.279759,10.749396,5,1000391,,0.0549558390578999,0.06706706706706707,1391,1000391,F648,,,,,
7.3300514,10.329423,5,1000660,,0.052011776251226695,0.36936936936936937,807,1000660,F844,,,,,
7.3647294,10.240737,5,1000392,,0.04808635917566242,0.4944944944944945,527,1000392,F103,,,,,
7.314744,10.312358,5,1000675,,0.05986261040235525,0.3813813813813814,811,1000675,F102,,,,,
5.4439754,12.063986,5,1000395,,0.04121687929342493,0.6736736736736737,617,1000395,F23,,,,,
7.212142,9.692185,5,1000400,,0.04612365063788027,0.7717717717717718,1485,1000400,F768,,,,,
7.2150493,9.753676,5,1000417,,0.03729146221786065,0.7937937937937938,1489,1000417,F714,,,,,
7.206406,9.957494,5,1000398,,0.0323846908734053,0.7837837837837838,1484,1000398,F771,,,,,
6.826373,9.107341,5,1000456,,0.0745829244357213,0.1921921921921922,639,1000456,F62,,,,,
6.820331,9.094639,5,1000401,,0.06084396467124632,0.16316316316316315,622,1000401,F58,,,,,
6.790427,9.066461,5,1000421,,0.07065750736015702,0.1921921921921922,627,1000421,F828,,,,,
6.793951,9.079259,5,1000425,,0.06182531894013739,0.28128128128128127,629,1000425,F65,,,,,
7.1244974,9.79471,5,1000402,,0.050049067713444556,0.7737737737737738,1487,1000402,F774,,,,,
5.8256197,11.987752,5,1000403,,0.038272816486751716,0.6246246246246246,623,1000403,F827,,,,,
7.31024,8.01053,5,1000123,,0.0775269872423945,0.013013013013013013,416,1000123,F825,,,,,
5.589662,12.460281,5,1000410,,0.04612365063788027,0.6086086086086087,531,1000410,F166,,,,,
7.026527,9.978685,5,1000411,,0.040235525024533855,0.7527527527527528,1396,1000411,F765,,,,,
8.174883,9.597103,5,1000414,,0.047105004906771344,0.47847847847847846,533,1000414,F108,,,,,
8.237796,9.669224,5,1000578,,0.04121687929342493,0.6476476476476476,679,1000578,F104,,,,,
8.255939,9.687428,5,1000527,,0.038272816486751716,0.6926926926926927,663,1000527,F109,,,,,
7.3668904,9.908818,5,1000422,,0.04317958783120707,0.8148148148148148,1492,1000422,F725,,,,,
7.10921,10.247545,5,1000423,,0.052011776251226695,0.14114114114114115,628,1000423,F829,,,,,
7.508438,9.429073,5,1000427,,0.04416094210009813,0.37037037037037035,630,1000427,F31,,,,,
7.2025123,9.161142,5,1000431,,0.0775269872423945,0.18618618618618618,632,1000431,F41,,,,,
7.420001,9.642601,5,1000433,,0.04416094210009813,0.5675675675675675,537,1000433,F114,,,,,
8.328527,9.697324,5,1000434,,0.04317958783120707,0.4024024024024024,1402,1000434,F497,,,,,
6.7450547,9.996804,5,1000436,,0.04906771344455348,0.5335335335335335,1404,1000436,F401,,,,,
7.5803547,7.7912807,5,1000438,,0.05691854759568204,0.4004004004004004,541,1000438,F180,,,,,
9.022486,9.679443,5,1000919,,0.0647693817468106,0.43543543543543545,1104,1000919,F538,,,,,
9.028493,9.687799,5,1000905,,0.0775269872423945,0.1921921921921922,1091,1000905,F367,,,,,
9.027365,9.639754,5,1000961,,0.07850834151128558,0.1981981981981982,1218,1000961,F534,,,,,
9.061558,9.652043,5,1000532,,0.06280667320902845,0.01001001001001001,1435,1000532,F531,,,,,
9.008915,9.696507,5,1000440,,0.0647693817468106,0.012012012012012012,1407,1000440,F867,,,,,
7.356958,8.298913,5,1000442,,0.02551521099116781,0.7017017017017017,544,1000442,F94,,,,,
7.1182613,8.78924,5,1000444,,0.05986261040235525,0.5375375375375375,633,1000444,F60,,,,,
6.4675465,11.47252,5,1000446,,0.03925417075564279,0.6976976976976977,634,1000446,F92,,,,,
7.0103774,9.44265,5,1000452,,0.08439646712463199,0.06506506506506507,637,1000452,F56,,,,,
7.409881,8.439222,5,1000465,,0.04906771344455348,0.5495495495495496,548,1000465,F159,,,,,
5.4652247,12.170015,5,1000471,,0.05103042198233562,0.37737737737737737,641,1000471,F57,,,,,
9.064691,10.335854,5,1000870,,0.06084396467124632,0.2922922922922923,873,1000870,F545,,,,,
9.064834,10.396953,5,1000995,,0.07163886162904809,0.043043043043043044,1245,1000995,F478,,,,,
8.751935,10.186664,5,1000204,,0.050049067713444556,0.5665665665665666,1305,1000204,F482,,,,,
9.028131,10.383975,5,1000150,,0.06084396467124632,0.1891891891891892,1286,1000150,F474,,,,,
9.01095,10.378473,5,1000254,,0.05691854759568204,0.4064064064064064,1329,1000254,F479,,,,,
9.025102,10.359302,5,1000780,,0.0549558390578999,0.27627627627627627,848,1000780,F622,,,,,
8.882103,10.171552,5,1000149,,0.052011776251226695,0.5015015015015015,1285,1000149,F484,,,,,
8.976102,10.397338,5,1000795,,0.0873405299313052,0.32932932932932935,851,1000795,F348,,,,,
3.8391185,7.686318,7,1000472,,0.04317958783120707,0.6486486486486487,1506,1000472,F730,,,,,
3.8846197,7.73347,7,1000520,,0.038272816486751716,0.6566566566566566,1524,1000520,F722,,,,,
7.22966,9.260947,5,1000473,,0.04808635917566242,0.5865865865865866,642,1000473,F29,,,,,
5.3765106,12.009063,5,1000477,,0.04808635917566242,0.48148148148148145,645,1000477,F85,,,,,
7.1425853,10.283929,5,1000481,,0.04612365063788027,0.47347347347347346,647,1000481,F47,,,,,
7.068347,10.333615,5,1000482,,0.04317958783120707,0.6226226226226226,553,1000482,F115,,,,,
6.113925,11.547391,5,1000485,,0.04317958783120707,0.6956956956956957,1419,1000485,F237,,,,,
6.315967,10.174033,5,1000487,,0.03729146221786065,0.6216216216216216,1420,1000487,F616,,,,,
9.242417,9.674747,5,1000491,,0.07163886162904809,0.11511511511511512,558,1000491,F111,,,,,
5.7570148,12.611717,5,1000495,,0.04808635917566242,0.44044044044044045,650,1000495,F87,,,,,
2.8711104,11.342961,8,1000073,,0.07850834151128558,0.01001001001001001,70,1000073,R9,Variety-9,Variety-9,SourceB,Breeder seed,
2.8956609,11.323727,8,1000072,,0.07556427870461237,0.012012012012012012,69,1000072,R9,Variety-9,Variety-9,SourceB,Breeder seed,
2.8928175,11.323387,8,1000021,,0.07556427870461237,0.012012012012012012,21,1000021,R10,Variety-10,Variety-10,SourceA,Breeder seed,
2.8740268,11.315439,8,1000020,,0.07850834151128558,0.012012012012012012,20,1000020,R10,Variety-10,Variety-10,SourceA,Breeder seed,
2.901107,11.313241,8,1000027,,0.07163886162904809,0.044044044044044044,118,1000027,R14,Variety-13,Variety-13,SourceA,Breeder seed,
2.8594024,11.273921,8,1000026,,0.07654563297350343,0.0890890890890891,117,1000026,R14,Variety-13,Variety-13,SourceA,Breeder seed,
1.5438899,10.7708435,8,1000042,,0.07163886162904809,0.01701701701701702,45,1000042,R43,Variety-27,Variety-27,SourceA,Breeder seed,
1.5446136,10.726904,8,1000167,,0.07948969578017664,0.015015015015015015,225,1000167,R44,Variety-27,Variety-27,SourceB,Breeder seed,
1.512079,10.76907,8,1000155,,0.08047105004906771,0.015015015015015015,224,1000155,R44,Variety-27,Variety-27,SourceB,Breeder seed,
1.4821374,10.801666,8,1000190,,0.07556427870461237,0.012012012012012012,235,1000190,R32,Variety-26,Variety-26_b,SourceB,Breeder seed,
1.5331855,10.741212,8,1000169,,0.08243375858684986,0.011011011011011011,226,1000169,R44,Variety-27,Variety-27,SourceB,Breeder seed,
1.5592226,10.725071,8,1000153,,0.07654563297350343,0.013013013013013013,223,1000153,R44,Variety-27,Variety-27,SourceB,Breeder seed,
1.5491056,10.762824,8,1000192,,0.0775269872423945,0.015015015015015015,236,1000192,R32,Variety-26,Variety-26_b,SourceB,Breeder seed,
1.5534002,10.7627735,8,1000041,,0.06673209028459273,0.015015015015015015,44,1000041,R43,Variety-27,Variety-27,SourceA,Breeder seed,
1.6003776,10.683839,8,1000076,,0.07556427870461237,0.01901901901901902,162,1000076,F892,,,,,
1.4784265,10.740879,8,1000070,,0.07556427870461237,0.02002002002002002,160,1000070,F890,,,,,
1.5022073,10.843712,8,1000029,,0.07163886162904809,0.01901901901901902,120,1000029,F888,,,,,
1.6003841,10.654566,8,1000075,,0.07262021589793916,0.023023023023023025,161,1000075,F891,,,,,
1.5334482,10.729527,8,1000069,,0.08635917566241413,0.03403403403403404,159,1000069,F889,,,,,
1.6101285,10.720737,8,1000028,,0.07360157016683022,0.024024024024024024,119,1000028,F887,,,,,
1.5909818,10.670971,8,1000068,,0.0775269872423945,0.031031031031031032,158,1000068,R47,Variety-30,Variety-30_a,SourceA,Breeder seed,
1.6451391,10.63838,8,1000067,,0.07163886162904809,0.02902902902902903,157,1000067,R47,Variety-30,Variety-30_a,SourceA,Breeder seed,
1.4642755,10.770412,8,1000224,,0.058881256133464184,0.016016016016016016,1650,1000224,R44,Variety-27,Variety-27,SourceB,Breeder seed,
1.4687932,10.778428,8,1000222,,0.06967615309126594,0.02902902902902903,1649,1000222,R44,Variety-27,Variety-27,SourceB,Breeder seed,
1.7842274,10.7501545,8,1000616,,0.06182531894013739,0.17217217217217218,982,1000616,F498,,,,,
1.9158618,10.614153,8,1000621,,0.04906771344455348,0.2932932932932933,698,1000621,F221,,,,,
2.152369,10.644732,8,1000516,,0.06084396467124632,0.34234234234234234,568,1000516,F147,,,,,
2.0588014,10.63281,8,1000665,,0.04906771344455348,0.35935935935935936,717,1000665,F224,,,,,
2.1381469,10.527819,8,1000602,,0.052011776251226695,0.4364364364364364,693,1000602,F226,,,,,
2.0358937,10.618672,8,1000646,,0.03925417075564279,0.47647647647647645,709,1000646,F222,,,,,
2.3664825,10.672673,8,1000034,,0.07948969578017664,0.46846846846846846,131,1000034,R16,Variety-15,Variety-15,SourceA,Breeder seed,
2.3673985,10.653666,8,1000035,,0.08145240431795878,0.4954954954954955,132,1000035,R16,Variety-15,Variety-15,SourceA,Breeder seed,
1.6598922,10.703658,8,1000039,,0.09028459273797841,0.04004004004004004,136,1000039,R19,Variety-17,Variety-17,SourceA,Breeder seed,
1.7052357,10.674433,8,1000038,,0.08047105004906771,0.03303303303303303,135,1000038,R19,Variety-17,Variety-17,SourceA,Breeder seed,
2.2854953,10.759787,8,1000251,,0.0647693817468106,0.24224224224224225,1623,1000251,F884,,,,,
2.2958584,10.780445,8,1000250,,0.0775269872423945,0.24224224224224225,1622,1000250,F883,,,,,
2.2866402,10.744094,8,1000047,,0.06182531894013739,0.25625625625625625,141,1000047,R23,Variety-21,Variety-21,SourceA,Breeder seed,
2.333776,10.770772,8,1000048,,0.06182531894013739,0.25125125125125125,142,1000048,R23,Variety-21,Variety-21,SourceA,Breeder seed,
3.3002632,10.50575,8,1000147,,0.06575073601570167,0.3483483483483483,1284,1000147,F591,,,,,
2.9650345,10.379477,8,1000298,,0.04612365063788027,0.6116116116116116,1346,1000298,F602,,,,,
2.9806306,10.395922,8,1000154,,0.047105004906771344,0.6296296296296297,1288,1000154,F611,,,,,
2.059675,10.605457,8,1000656,,0.05691854759568204,0.3083083083083083,996,1000656,F386,,,,,
1.6567615,10.721089,8,1000820,,0.07360157016683022,0.012012012012012012,1050,1000820,F561,,,,,
1.6877459,10.720701,8,1000672,,0.07654563297350343,0.023023023023023025,1001,1000672,F684,,,,,
2.493657,10.504551,8,1000690,,0.042198233562315994,0.5525525525525525,724,1000690,F223,,,,,
2.1683755,10.565525,8,1000703,,0.0549558390578999,0.46346346346346345,1012,1000703,F679,,,,,
2.2973862,10.498656,8,1000827,,0.04317958783120707,0.5625625625625625,1054,1000827,F345,,,,,
2.814518,10.466057,8,1000886,,0.07654563297350343,0.06406406406406406,1169,1000886,F597,,,,,
2.8315554,10.460339,8,1001018,,0.06967615309126594,0.1961961961961962,1261,1001018,F589,,,,,
2.8329854,10.45515,8,1001016,,0.052011776251226695,0.4594594594594595,1259,1001016,F599,,,,,
3.5735488,10.515517,8,1000955,,0.09322865554465162,0.11911911911911911,1122,1000955,F487,,,,,
3.5948782,10.504096,8,1000959,,0.09519136408243375,0.16116116116116116,1127,1000959,F381,,,,,
2.8799183,10.422521,8,1000994,,0.06869479882237488,0.4644644644644645,1244,1000994,F593,,,,,
3.63035,10.51771,8,1000262,,0.08635917566241413,0.1041041041041041,1335,1000262,F582,,,,,
3.6206062,10.486802,8,1000280,,0.09421000981354269,0.11911911911911911,1337,1000280,F587,,,,,
3.6051366,10.503286,8,1000172,,0.07948969578017664,0.14314314314314314,1292,1000172,F617,,,,,
3.6092715,10.500001,8,1000260,,0.08635917566241413,0.14914914914914915,1334,1000260,F592,,,,,
3.5444455,10.534977,8,1000341,,0.06182531894013739,0.06906906906906907,1374,1000341,F585,,,,,
3.5442197,10.49061,8,1000170,,0.09028459273797841,0.10710710710710711,1291,1000170,F583,,,,,
3.6032686,10.519825,8,1000221,,0.08145240431795878,0.13913913913913914,1319,1000221,F594,,,,,
3.5397577,10.478262,8,1000319,,0.0549558390578999,0.11911911911911911,1365,1000319,F590,,,,,
2.8945985,10.52147,8,1000175,,0.05986261040235525,0.4574574574574575,1294,1000175,F596,,,,,
2.230681,10.657738,8,1000252,,0.052011776251226695,0.4824824824824825,472,1000252,F150,,,,,
2.923684,10.369676,8,1000291,,0.050049067713444556,0.5775775775775776,1637,1000291,F797,,,,,
2.4007347,10.617286,8,1000488,,0.05593719332679097,0.34934934934934936,1421,1000488,F471,,,,,
2.2492633,10.663692,8,1000537,,0.04612365063788027,0.3353353353353353,1440,1000537,F427,,,,,
2.1912608,10.625381,8,1000559,,0.047105004906771344,0.46646646646646645,1445,1000559,F242,,,,,
2.8407829,10.330538,8,1000648,,0.04612365063788027,0.42242242242242245,711,1000648,F225,,,,,
7.3285007,-2.4842844,6,1000923,,0.06673209028459273,0.005005005005005005,1196,1000923,F364,,,,,
7.3057413,-2.3939085,6,1000908,,0.07065750736015702,0.006006006006006006,1094,1000908,F434,,,,,
8.425185,-2.7263324,6,1000888,,0.0647693817468106,0.004004004004004004,1172,1000888,F456,,,,,
7.37627,-2.576387,6,1000600,,0.07065750736015702,0.006006006006006006,883,1000600,F608,,,,,
7.154647,-3.0562494,6,1000932,,0.06967615309126594,0.009009009009009009,1109,1000932,F578,,,,,
8.35786,-2.7136652,6,1000737,,0.06280667320902845,0.005005005005005005,934,1000737,F423,,,,,
7.674398,-2.7558305,6,1001005,,0.08243375858684986,0.009009009009009009,1159,1001005,F299,,,,,
7.429579,-2.01856,6,1000921,,0.06673209028459273,0.004004004004004004,1194,1000921,F712,,,,,
7.4179773,-1.1825517,6,1000647,,0.06869479882237488,0.13413413413413414,902,1000647,F642,,,,,
7.3397803,-2.4702406,6,1000900,,0.06084396467124632,0.009009009009009009,1182,1000900,F279,,,,,
7.682332,-2.2265873,6,1000470,,0.06771344455348381,0.007007007007007007,1416,1000470,F870,,,,,
8.886125,1.5122085,6,1000266,,0.05103042198233562,0.36936936936936937,473,1000266,F95,,,,,
8.882739,1.4686131,6,1000950,,0.053974484789008834,0.36436436436436437,1212,1000950,F657,,,,,
7.255072,-2.1165318,6,1000138,,0.07654563297350343,0.03303303303303303,1571,1000138,F464,,,,,
7.9871287,-1.9416822,6,1000868,,0.06182531894013739,0.05905905905905906,973,1000868,F605,,,,,
7.257915,-1.6358942,6,1000668,,0.053974484789008834,0.1991991991991992,910,1000668,F653,,,,,
8.273681,-2.4735582,6,1000735,,0.06378802747791953,0.08808808808808809,933,1000735,F643,,,,,
8.500721,0.9524437,6,1000860,,0.047105004906771344,0.36236236236236236,969,1000860,F853,,,,,
7.2389903,-2.3342955,6,1000577,,0.058881256133464184,0.13413413413413414,1543,1000577,F739,,,,,
6.9692965,-1.4382176,6,1000799,,0.06575073601570167,0.17117117117117117,853,1000799,F749,,,,,
7.1051006,-2.4597173,6,1000968,,0.07556427870461237,0.22122122122122123,1131,1000968,F351,,,,,
7.982066,-1.0063184,6,1000791,,0.0549558390578999,0.17717717717717718,849,1000791,F349,,,,,
8.860506,-0.5994349,6,1000962,,0.06869479882237488,0.20520520520520522,1219,1000962,F681,,,,,
6.9471464,-1.3370757,6,1000591,,0.050049067713444556,0.23423423423423423,1546,1000591,F742,,,,,
7.7208714,-1.0390236,6,1000883,,0.058881256133464184,0.3033033033033033,1078,1000883,F488,,,,,
8.385893,0.6106313,6,1001001,,0.07262021589793916,0.35535535535535534,1155,1001001,F247,,,,,
7.409882,-1.3616687,6,1000984,,0.06280667320902845,0.32432432432432434,1237,1000984,F312,,,,,
8.100873,-0.26597825,6,1000758,,0.04612365063788027,0.34234234234234234,940,1000758,F336,,,,,
7.3435245,-1.2426623,6,1000217,,0.06084396467124632,0.34734734734734735,1315,1000217,F586,,,,,
7.499366,-0.68415403,6,1000548,,0.04317958783120707,0.35735735735735735,1535,1000548,F723,,,,,
7.3221846,-0.4901596,6,1000717,,0.05103042198233562,0.33433433433433435,736,1000717,F269,,,,,
7.5035157,-0.36086324,6,1000981,,0.05986261040235525,0.37737737737737737,1143,1000981,F658,,,,,
8.470305,0.682806,6,1000805,,0.04416094210009813,0.46646646646646645,761,1000805,F615,,,,,
8.26084,0.23526014,6,1000715,,0.04416094210009813,0.4134134134134134,926,1000715,F666,,,,,
8.205905,0.40862742,6,1000697,,0.04317958783120707,0.4064064064064064,728,1000697,F283,,,,,
7.232436,0.14025775,6,1000476,,0.05691854759568204,0.4984984984984985,1509,1000476,F438,,,,,
7.307706,0.06579415,6,1000109,,0.052011776251226695,0.4994994994994995,1559,1000109,F457,,,,,
7.24714,-0.045512535,6,1000745,,0.058881256133464184,0.5265265265265265,837,1000745,F752,,,,,
7.0763445,0.90876305,6,1000394,,0.042198233562315994,0.5375375375375375,1481,1000394,F756,,,,,
7.290425,-0.01734774,6,1000503,,0.04317958783120707,0.5325325325325325,1519,1000503,F709,,,,,
7.159433,0.90096533,6,1000359,,0.045142296368989206,0.5905905905905906,1472,1000359,F633,,,,,
7.3763213,1.46259,6,1000124,,0.05299313052011776,0.6776776776776777,1568,1000124,F625,,,,,
7.9753513,-1.9336153,6,1000597,,0.06771344455348381,0.003003003003003003,881,1000597,F660,,,,,
7.072536,-3.0464785,6,1000880,,0.08145240431795878,0.008008008008008008,1074,1000880,F526,,,,,
8.266116,-2.74108,6,1000948,,0.07360157016683022,0.006006006006006006,1210,1000948,F461,,,,,
7.7265334,-2.8662562,6,1000893,,0.08047105004906771,0.009009009009009009,1084,1000893,F667,,,,,
7.439663,-3.2063193,6,1000842,,0.06869479882237488,0.006006006006006006,967,1000842,F407,,,,,
7.3302374,-2.4935763,6,1000601,,0.06280667320902845,0.004004004004004004,884,1000601,F606,,,,,
8.389524,-2.7236013,6,1000940,,0.07065750736015702,0.006006006006006006,1207,1000940,F641,,,,,
8.012929,-2.77515,6,1000806,,0.06182531894013739,0.005005005005005005,954,1000806,F431,,,,,
7.5914016,-2.795946,6,1000630,,0.06575073601570167,0.007007007007007007,896,1000630,F703,,,,,
8.338161,-2.75959,6,1000580,,0.06280667320902845,0.004004004004004004,1449,1000580,F309,,,,,
7.2203226,-2.4661684,6,1000530,,0.05789990186457311,0.004004004004004004,1433,1000530,F700,,,,,
8.91107,1.5373557,6,1000967,,0.058881256133464184,0.3683683683683684,1130,1000967,F528,,,,,
7.7894,-1.9035167,6,1000592,,0.06182531894013739,0.013013013013013013,1547,1000592,F794,,,,,
7.198668,-2.6431987,6,1000931,,0.07850834151128558,0.06006006006006006,1108,1000931,F396,,,,,
7.256618,-2.3578675,6,1000570,,0.06182531894013739,0.03203203203203203,1539,1000570,F446,,,,,
7.1713133,-1.9635482,6,1000387,,0.052011776251226695,0.016016016016016016,1389,1000387,F370,,,,,
7.1530647,-2.8432493,6,1000852,,0.05986261040235525,0.11611611611611612,1060,1000852,F555,,,,,
8.147597,-2.8042293,6,1000876,,0.07262021589793916,0.1041041041041041,877,1000876,F750,,,,,
6.9333353,-2.5288906,6,1000904,,0.06869479882237488,0.15315315315315314,1090,1000904,F542,,,,,
7.556482,-1.520876,6,1000572,,0.04317958783120707,0.11411411411411411,1540,1000572,F402,,,,,
7.2264085,-1.4957798,6,1000424,,0.045142296368989206,0.15915915915915915,1493,1000424,F467,,,,,
8.388515,0.6057743,6,1001004,,0.058881256133464184,0.35935935935935936,1158,1001004,F268,,,,,
6.976664,-1.299616,6,1000524,,0.047105004906771344,0.1991991991991992,1526,1000524,F741,,,,,
7.2993813,-1.4440521,6,1000101,,0.053974484789008834,0.23423423423423423,1553,1000101,F706,,,,,
8.101568,-0.3426809,6,1000972,,0.05986261040235525,0.28428428428428426,1136,1000972,F421,,,,,
9.355534,2.1808362,6,1000892,,0.05691854759568204,0.4994994994994995,1081,1000892,F347,,,,,
7.7158937,-0.72313076,6,1000874,,0.07556427870461237,0.2982982982982983,876,1000874,F745,,,,,
7.422109,-1.367313,6,1000942,,0.06378802747791953,0.3183183183183183,1115,1000942,F510,,,,,
7.2600355,-0.73965037,6,1000941,,0.06280667320902845,0.3963963963963964,1114,1000941,F574,,,,,
8.424791,0.5655014,6,1000978,,0.05789990186457311,0.4494494494494494,1139,1000978,F630,,,,,
9.414002,2.2250566,6,1000581,,0.06280667320902845,0.36436436436436437,585,1000581,F820,,,,,
7.1514473,1.0267887,6,1000988,,0.06280667320902845,0.5005005005005005,1148,1000988,F54,,,,,
7.3532934,-0.8059166,6,1000136,,0.053974484789008834,0.4084084084084084,1570,1000136,F624,,,,,
8.291854,0.4259578,6,1000760,,0.050049067713444556,0.38238238238238237,941,1000760,F691,,,,,
7.6659203,-0.1439849,6,1000776,,0.050049067713444556,0.47047047047047047,846,1000776,F504,,,,,
7.365122,-0.43647915,6,1000774,,0.06084396467124632,0.4724724724724725,845,1000774,F506,,,,,
7.1168222,-0.8759544,6,1000681,,0.05103042198233562,0.47047047047047047,814,1000681,F165,,,,,
7.9384875,0.28160757,6,1000451,,0.03925417075564279,0.5095095095095095,1501,1000451,F740,,,,,
7.2355614,0.026671376,6,1000849,,0.06673209028459273,0.5445445445445446,867,1000849,F748,,,,,
7.310201,-0.014272782,6,1000100,,0.050049067713444556,0.5235235235235235,401,1000100,F28,,,,,
8.158855,1.0523217,6,1000823,,0.047105004906771344,0.6406406406406406,860,1000823,F751,,,,,
7.484497,-3.1700737,6,1000710,,0.06575073601570167,0.006006006006006006,921,1000710,F424,,,,,
7.454124,-2.5738955,6,1000813,,0.06378802747791953,0.005005005005005005,958,1000813,F705,,,,,
7.5848637,-2.7044137,6,1000920,,0.06967615309126594,0.007007007007007007,1193,1000920,F420,,,,,
7.62247,-2.822017,6,1000964,,0.07654563297350343,0.007007007007007007,1221,1000964,F414,,,,,
7.272032,-2.41426,6,1000663,,0.06280667320902845,0.005005005005005005,905,1000663,F601,,,,,
8.222023,-2.8276734,6,1000899,,0.06280667320902845,0.004004004004004004,1181,1000899,F863,,,,,
8.331331,-2.612726,6,1000692,,0.05986261040235525,0.004004004004004004,917,1000692,F676,,,,,
7.5105433,-3.1926217,6,1000989,,0.07556427870461237,0.009009009009009009,1150,1000989,F411,,,,,
7.3121247,-2.471535,6,1000930,,0.07163886162904809,0.008008008008008008,1107,1000930,F540,,,,,
6.932322,-2.7937791,6,1000287,,0.06673209028459273,0.007007007007007007,483,1000287,F208,,,,,
8.421238,-2.6952088,6,1000714,,0.06673209028459273,0.022022022022022022,733,1000714,F291,,,,,
7.723333,-1.7862649,6,1000466,,0.06084396467124632,0.01001001001001001,1413,1000466,F670,,,,,
9.029602,1.7111566,6,1000739,,0.047105004906771344,0.4004004004004004,935,1000739,F851,,,,,
7.393325,-2.6158497,6,1000160,,0.07262021589793916,0.03203203203203203,1580,1000160,F784,,,,,
8.033466,-2.1282167,6,1000957,,0.08145240431795878,0.07607607607607608,1124,1000957,F527,,,,,
7.223613,-2.290301,6,1000716,,0.06575073601570167,0.08408408408408409,735,1000716,F290,,,,,
8.56602,1.0346509,6,1000733,,0.04808635917566242,0.3793793793793794,932,1000733,F665,,,,,
7.303798,-1.0932258,6,1000896,,0.06673209028459273,0.24524524524524524,1177,1000896,F677,,,,,
8.867275,-0.5791317,6,1000990,,0.07360157016683022,0.18018018018018017,1151,1000990,F485,,,,,
7.4868226,-1.6301631,6,1000455,,0.058881256133464184,0.15315315315315314,1503,1000455,F500,,,,,
7.8608313,-1.0570043,6,1000550,,0.050049067713444556,0.15615615615615616,1536,1000550,F738,,,,,
8.795983,1.4120399,6,1000316,,0.04317958783120707,0.4964964964964965,497,1000316,F99,,,,,
8.0791025,-0.4645003,6,1000711,,0.04317958783120707,0.2822822822822823,922,1000711,F647,,,,,
6.9188504,-1.3386371,6,1000544,,0.06280667320902845,0.22122122122122123,1532,1000544,F732,,,,,
7.502518,-1.3818166,6,1000790,,0.05593719332679097,0.2822822822822823,952,1000790,F326,,,,,
9.228364,2.0490334,6,1000689,,0.04317958783120707,0.5735735735735735,723,1000689,F836,,,,,
8.341834,0.5465601,6,1000282,,0.05299313052011776,0.3563563563563564,1342,1000282,F335,,,,,
7.4927926,-1.510041,6,1000856,,0.05789990186457311,0.27427427427427425,1062,1000856,F422,,,,,
8.05345,-0.3057181,6,1000589,,0.06378802747791953,0.3433433433433433,1545,1000589,F793,,,,,
7.1805177,-1.5435407,6,1000816,,0.052011776251226695,0.3233233233233233,960,1000816,F702,,,,,
6.887149,-1.085677,6,1000206,,0.05986261040235525,0.35235235235235235,1307,1000206,F333,,,,,
7.6445546,-0.29928145,6,1000847,,0.050049067713444556,0.38538538538538536,866,1000847,F744,,,,,
7.1202297,-1.1209036,6,1000286,,0.05299313052011776,0.34734734734734735,482,1000286,F207,,,,,
7.182386,-1.4392048,6,1000698,,0.05103042198233562,0.3943943943943944,920,1000698,F707,,,,,
7.6142397,-0.56632596,6,1000846,,0.05103042198233562,0.3983983983983984,1057,1000846,F428,,,,,
8.062338,0.32331926,6,1000585,,0.04416094210009813,0.5255255255255256,1452,1000585,F287,,,,,
7.262284,0.12369684,6,1000496,,0.04612365063788027,0.4934934934934935,1515,1000496,F447,,,,,
7.2803445,0.08059779,6,1000797,,0.06378802747791953,0.5625625625625625,852,1000797,F341,,,,,
7.5969787,-0.22739954,6,1000627,,0.038272816486751716,0.44744744744744747,703,1000627,F232,,,,,
8.055555,0.6440048,6,1000146,,0.04808635917566242,0.5575575575575575,1282,1000146,F604,,,,,
7.338059,1.4176809,6,1000830,,0.05299313052011776,0.6596596596596597,864,1000830,F623,,,,,
7.4501777,-3.1779697,6,1000953,,0.07262021589793916,0.007007007007007007,1216,1000953,F443,,,,,
7.1401916,-3.1094534,6,1000947,,0.06967615309126594,0.007007007007007007,1209,1000947,F607,,,,,
7.6104693,-2.0880446,6,1000831,,0.06967615309126594,0.006006006006006006,1056,1000831,F688,,,,,
7.9545217,-2.001451,6,1000808,,0.0647693817468106,0.004004004004004004,955,1000808,F405,,,,,
7.2580748,-2.470281,6,1000938,,0.06869479882237488,0.005005005005005005,1205,1000938,F463,,,,,
8.2013855,-2.751071,6,1000912,,0.07163886162904809,0.005005005005005005,1187,1000912,F441,,,,,
8.311213,-2.7501867,6,1000605,,0.06378802747791953,0.003003003003003003,886,1000605,F649,,,,,
7.9976473,-2.8575234,6,1000129,,0.06967615309126594,0.007007007007007007,1278,1000129,F595,,,,,
8.211783,-2.7028513,6,1000909,,0.07556427870461237,0.013013013013013013,1095,1000909,F544,,,,,
7.11225,-2.5435092,6,1000607,,0.06280667320902845,0.006006006006006006,888,1000607,F613,,,,,
7.261378,-2.842518,6,1000112,,0.07065750736015702,0.006006006006006006,1268,1000112,F598,,,,,
7.264588,-2.3543646,6,1000435,,0.05299313052011776,0.009009009009009009,539,1000435,F211,,,,,
7.563661,-1.9263219,6,1000598,,0.06673209028459273,0.056056056056056056,690,1000598,F227,,,,,
7.504883,-2.7311654,6,1000857,,0.07262021589793916,0.03203203203203203,871,1000857,F543,,,,,
8.751355,1.3091416,6,1000966,,0.047105004906771344,0.36936936936936937,1224,1000966,F359,,,,,
7.9651294,-1.5473578,6,1000519,,0.05299313052011776,0.02702702702702703,1523,1000519,F371,,,,,
7.176136,0.14059521,6,1000903,,0.053974484789008834,0.4184184184184184,1089,1000903,F480,,,,,
7.1593294,-1.8839397,6,1000413,,0.045142296368989206,0.04904904904904905,1397,1000413,F388,,,,,
9.3438225,2.1725228,6,1000264,,0.047105004906771344,0.4444444444444444,1336,1000264,F418,,,,,
7.0717134,-1.596748,6,1000576,,0.050049067713444556,0.2072072072072072,678,1000576,F202,,,,,
7.263502,-1.7296083,6,1000432,,0.050049067713444556,0.2222222222222222,1401,1000432,F763,,,,,
8.87641,-0.57378197,6,1000788,,0.0647693817468106,0.18218218218218218,951,1000788,F650,,,,,
8.127627,-0.54763603,6,1000946,,0.05789990186457311,0.25725725725725723,1120,1000946,F525,,,,,
7.1938715,-1.5926458,6,1000844,,0.052011776251226695,0.3003003003003003,968,1000844,F672,,,,,
7.696392,-0.78342557,6,1000449,,0.04906771344455348,0.24124124124124124,1500,1000449,F791,,,,,
7.102162,-1.6489056,6,1000951,,0.06084396467124632,0.3023023023023023,1213,1000951,F696,,,,,
6.841024,-1.1970726,6,1000749,,0.058881256133464184,0.3123123123123123,839,1000749,F715,,,,,
8.120472,-0.2079619,6,1000740,,0.053974484789008834,0.3333333333333333,834,1000740,F278,,,,,
9.440441,2.2512152,6,1000939,,0.058881256133464184,0.3633633633633634,1206,1000939,F556,,,,,
8.221738,0.40179285,6,1000803,,0.0647693817468106,0.41541541541541543,856,1000803,F519,,,,,
8.499914,-0.1252668,6,1000811,,0.04612365063788027,0.42042042042042044,957,1000811,F644,,,,,
8.287635,0.54569656,6,1000976,,0.05789990186457311,0.42842842842842843,1137,1000976,F356,,,,,
7.348849,-0.68917376,6,1000478,,0.045142296368989206,0.4004004004004004,1510,1000478,F369,,,,,
8.27508,0.42337263,6,1000965,,0.047105004906771344,0.43243243243243246,1222,1000965,F671,,,,,
7.0752244,0.9430933,6,1000203,,0.05691854759568204,0.5425425425425425,1600,1000203,F758,,,,,
7.266285,-0.5701043,6,1000162,,0.05299313052011776,0.46046046046046046,1581,1000162,F254,,,,,
7.141495,0.9015845,6,1000973,,0.050049067713444556,0.5485485485485485,1226,1000973,F638,,,,,
7.4163833,-0.06554914,6,1000144,,0.04612365063788027,0.48848848848848847,1575,1000144,F729,,,,,
7.249698,0.093304895,6,1000819,,0.05789990186457311,0.5385385385385385,858,1000819,F746,,,,,
7.0898,0.927998,6,1000357,,0.0549558390578999,0.5885885885885885,1471,1000357,F760,,,,,
7.3469157,1.40805,6,1000494,,0.050049067713444556,0.6536536536536537,1514,1000494,F632,,,,,
8.450175,-2.74131,6,1000833,,0.06575073601570167,0.004004004004004004,961,1000833,F699,,,,,
8.369071,-2.8052306,6,1000288,,0.0647693817468106,0.004004004004004004,1635,1000288,F267,,,,,
7.491522,-2.9316564,6,1000956,,0.07654563297350343,0.008008008008008008,1123,1000956,F579,,,,,
7.0575447,-3.114938,6,1000882,,0.0745829244357213,0.008008008008008008,1077,1000882,F856,,,,,
8.044919,-2.809383,6,1000913,,0.06378802747791953,0.007007007007007007,1189,1000913,F708,,,,,
7.3687325,-2.56092,6,1000895,,0.07262021589793916,0.008008008008008008,1088,1000895,F425,,,,,
7.10667,-3.119841,6,1001006,,0.0775269872423945,0.011011011011011011,1160,1001006,F862,,,,,
8.412618,-2.6566133,6,1000712,,0.05691854759568204,0.006006006006006006,732,1000712,F273,,,,,
8.43186,-2.689261,6,1000694,,0.0647693817468106,0.004004004004004004,918,1000694,F695,,,,,
8.541495,-2.7316797,6,1000902,,0.07360157016683022,0.01701701701701702,1184,1000902,F436,,,,,
7.9750624,-1.8291346,6,1000459,,0.053974484789008834,0.011011011011011011,1409,1000459,F868,,,,,
8.792733,1.3837641,6,1000645,,0.040235525024533855,0.3633633633633634,707,1000645,F230,,,,,
8.879197,1.4872816,6,1000881,,0.06280667320902845,0.37037037037037035,1076,1000881,F393,,,,,
7.728712,-3.1885264,6,1000937,,0.06575073601570167,0.06006006006006006,1203,1000937,F674,,,,,
7.365551,-1.9999193,6,1001000,,0.0745829244357213,0.07707707707707707,1154,1001000,F275,,,,,
9.398562,2.2125938,6,1000977,,0.06575073601570167,0.3733733733733734,1138,1000977,F861,,,,,
7.8057666,-0.845812,6,1000894,,0.16977428851815504,0.17317317317317318,1085,1000894,F377,,,,,
8.896188,-0.54314023,6,1000982,,0.07850834151128558,0.1831831831831832,1144,1000982,F522,,,,,
8.128871,-0.6930969,6,1001015,,0.09421000981354269,0.1961961961961962,1165,1001015,F614,,,,,
7.8295293,-1.2768803,6,1000793,,0.05789990186457311,0.15515515515515516,850,1000793,F350,,,,,
8.87086,-0.51964,6,1000970,,0.0647693817468106,0.2732732732732733,1134,1000970,F382,,,,,
8.893929,-0.6000738,6,1000334,,0.0549558390578999,0.18618618618618618,1369,1000334,F652,,,,,
9.021085,1.6849824,6,1000753,,0.038272816486751716,0.5065065065065065,937,1000753,F680,,,,,
7.5189643,-1.3384758,6,1000911,,0.06575073601570167,0.26626626626626626,1186,1000911,F609,,,,,
6.955611,-1.2349658,6,1000574,,0.06280667320902845,0.25825825825825827,1541,1000574,F731,,,,,
7.7039347,-0.7677774,6,1000140,,0.05986261040235525,0.27927927927927926,1572,1000140,F724,,,,,
8.109709,-0.2801845,6,1000877,,0.05103042198233562,0.34034034034034033,1069,1000877,F437,,,,,
6.940131,-0.8620829,6,1000980,,0.06280667320902845,0.34434434434434436,1142,1000980,F564,,,,,
7.7996526,-0.6719271,6,1000493,,0.045142296368989206,0.34734734734734735,1513,1000493,F727,,,,,
7.9106193,-0.607187,6,1000500,,0.06378802747791953,0.3763763763763764,1517,1000500,F792,,,,,
6.8900723,-1.1687157,6,1000505,,0.04808635917566242,0.36936936936936937,1520,1000505,F726,,,,,
7.1005077,-0.9846092,6,1000389,,0.04317958783120707,0.37037037037037035,1390,1000389,F618,,,,,
7.3113823,-0.8342091,6,1000115,,0.05691854759568204,0.3743743743743744,1272,1000115,F584,,,,,
8.274703,0.45666042,6,1000404,,0.047105004906771344,0.4124124124124124,1488,1000404,F790,,,,,
8.420982,0.35150465,6,1000762,,0.04906771344455348,0.44644644644644643,942,1000762,F645,,,,,
7.368849,-0.06475616,6,1000134,,0.04808635917566242,0.4364364364364364,1569,1000134,F439,,,,,
7.830994,0.18415457,6,1000313,,0.04808635917566242,0.5345345345345346,1357,1000313,F588,,,,,
7.084089,0.904362,6,1000380,,0.04121687929342493,0.4864864864864865,1480,1000380,F634,,,,,
7.0887427,0.86949855,6,1000396,,0.050049067713444556,0.5245245245245245,1482,1000396,F757,,,,,
7.092654,0.95643073,6,1000355,,0.04808635917566242,0.5925925925925926,1470,1000355,F762,,,,,
7.2783284,1.3163866,6,1000595,,0.047105004906771344,0.6446446446446447,685,1000595,F53,,,,,
8.431205,-2.6938818,6,1000599,,0.06673209028459273,0.004004004004004004,882,1000599,F673,,,,,
7.628638,-2.7973158,6,1000620,,0.0745829244357213,0.006006006006006006,889,1000620,F646,,,,,
7.608209,-2.803652,6,1000971,,0.07556427870461237,0.006006006006006006,1135,1000971,F376,,,,,
7.1772118,-3.1739888,6,1000974,,0.07556427870461237,0.009009009009009009,1229,1000974,F499,,,,,
7.1790037,-3.0861826,6,1000933,,0.07556427870461237,0.006006006006006006,1110,1000933,F493,,,,,
7.205432,-2.3973444,6,1000999,,0.08243375858684986,0.01001001001001001,1153,1000999,F246,,,,,
8.237306,-2.771932,6,1000922,,0.07065750736015702,0.006006006006006006,1195,1000922,F704,,,,,
7.622271,-1.9020395,6,1000928,,0.07163886162904809,0.007007007007007007,1105,1000928,F372,,,,,
7.1174088,-3.0638936,6,1000875,,0.07163886162904809,0.012012012012012012,1068,1000875,F580,,,,,
8.883969,1.5047635,6,1000622,,0.047105004906771344,0.3683683683683684,890,1000622,F656,,,,,
6.9528995,-2.7699575,6,1000924,,0.07163886162904809,0.009009009009009009,1197,1000924,F661,,,,,
7.0951076,-2.5314047,6,1000553,,0.06182531894013739,0.01001001001001001,1442,1000553,F297,,,,,
8.312328,-2.846875,6,1000560,,0.06182531894013739,0.06406406406406406,581,1000560,F203,,,,,
7.5379815,-2.881491,6,1000858,,0.07556427870461237,0.036036036036036036,872,1000858,F747,,,,,
7.110909,-3.1265814,6,1001014,,0.07163886162904809,0.07507507507507508,1162,1001014,F777,,,,,
7.1601686,-2.4731638,6,1000963,,0.06967615309126594,0.1041041041041041,1220,1000963,F426,,,,,
8.097643,-2.7439184,6,1000747,,0.0745829244357213,0.07707707707707707,838,1000747,F848,,,,,
8.866563,-0.49262926,6,1000991,,0.0775269872423945,0.2022022022022022,1152,1000991,F600,,,,,
7.153229,0.13047619,6,1000960,,0.05299313052011776,0.44144144144144143,1217,1000960,F433,,,,,
7.8719845,-1.2755738,6,1000784,,0.04906771344455348,0.18018018018018017,947,1000784,F409,,,,,
7.7076325,-1.4992446,6,1000667,,0.04317958783120707,0.16416416416416416,718,1000667,F228,,,,,
8.841506,1.4646508,6,1000756,,0.04121687929342493,0.5065065065065065,747,1000756,F6,,,,,
7.310592,-0.7895451,6,1001008,,0.06967615309126594,0.36436436436436437,1251,1001008,F581,,,,,
6.903873,-2.3416514,6,1000584,,0.05789990186457311,0.26226226226226224,587,1000584,F196,,,,,
6.9166303,-1.2460165,6,1000845,,0.05299313052011776,0.2732732732732733,865,1000845,F717,,,,,
8.143608,-0.4007404,6,1000567,,0.0549558390578999,0.28128128128128127,1537,1000567,F737,,,,,
8.671282,-0.2136136,6,1000764,,0.050049067713444556,0.4264264264264264,943,1000764,F675,,,,,
7.552611,-0.82488924,6,1000430,,0.04317958783120707,0.3283283283283283,1496,1000430,F455,,,,,
7.42935,-1.4030877,6,1000945,,0.06575073601570167,0.3233233233233233,1119,1000945,F385,,,,,
7.166529,0.17728135,6,1000108,,0.052011776251226695,0.5045045045045045,1558,1000108,F465,,,,,
7.9789777,-0.3546173,6,1000539,,0.042198233562315994,0.37537537537537535,1529,1000539,F458,,,,,
7.442577,-0.3832644,6,1000594,,0.05691854759568204,0.3973973973973974,1549,1000594,F735,,,,,
7.0637565,-0.7621471,6,1000575,,0.045142296368989206,0.4724724724724725,677,1000575,F78,,,,,
6.9004936,-1.0889603,6,1000475,,0.052011776251226695,0.4194194194194194,1508,1000475,F728,,,,,
7.203476,-1.3525566,6,1000789,,0.045142296368989206,0.36736736736736736,760,1000789,F669,,,,,
8.069629,0.33844963,6,1000447,,0.047105004906771344,0.4394394394394394,1499,1000447,F736,,,,,
7.309278,1.5155935,6,1000873,,0.052011776251226695,0.6006006006006006,1067,1000873,F659,,,,,
7.3286324,0.12641832,6,1000687,,0.03631010794896958,0.6016016016016016,722,1000687,F229,,,,,
7.0996246,0.93849385,6,1000420,,0.04612365063788027,0.5605605605605606,1491,1000420,F759,,,,,
7.1075983,0.9337578,6,1000330,,0.04317958783120707,0.5885885885885885,1462,1000330,F761,,,,,
7.342969,1.3778377,6,1000426,,0.052011776251226695,0.6666666666666666,1494,1000426,F626,,,,,
7.337255,1.5456134,6,1000236,,0.05103042198233562,0.6166166166166166,1322,1000236,F610,,,,,
7.4425106,1.3069643,6,1000545,,0.03532875368007851,0.5625625625625625,668,1000545,F200,,,,,
7.3837595,-0.09544265,6,1000552,,0.2198233562315996,0.2862862862862863,577,1000552,F819,,,,,
7.234352,-0.57565975,6,1000555,,0.05691854759568204,0.18618618618618618,1443,1000555,F683,,,,,
9.368103,2.2159948,6,1000604,,0.047105004906771344,0.37037037037037035,694,1000604,F835,,,,,
8.895782,1.72796,6,1000629,,0.038272816486751716,0.6856856856856857,704,1000629,F234,,,,,
7.182739,1.4666463,6,1000649,,0.10500490677134446,0.44644644644644643,903,1000649,F236,,,,,
7.130817,0.29663506,6,1000650,,0.0549558390578999,0.3953953953953954,712,1000650,F231,,,,,
9.414427,2.2485578,6,1000669,,0.04612365063788027,0.6366366366366366,720,1000669,F220,,,,,
9.390655,2.2184064,6,1000693,,0.03532875368007851,0.6656656656656657,726,1000693,F235,,,,,
7.130502,0.17627288,6,1000275,,0.052011776251226695,0.34934934934934936,1629,1000275,F270,,,,,
7.3655305,1.8950624,6,1000713,,0.03729146221786065,0.6906906906906907,924,1000713,F344,,,,,
7.2725034,1.230196,6,1000742,,0.2070657507360157,0.4624624624624625,835,1000742,F156,,,,,
9.1528845,2.0345125,6,1000785,,0.047105004906771344,0.7557557557557557,758,1000785,F571,,,,,
8.827154,-0.43614292,6,1000786,,0.06084396467124632,0.2022022022022022,950,1000786,F662,,,,,
7.247116,1.2175344,6,1000824,,0.04612365063788027,0.6326326326326326,1052,1000824,F780,,,,,
9.096796,1.8737876,6,1000884,,0.04808635917566242,0.5845845845845846,1079,1000884,F362,,,,,
7.323723,1.372382,6,1000917,,0.050049067713444556,0.5015015015015015,1099,1000917,F374,,,,,
9.354111,2.2000523,6,1000926,,0.045142296368989206,0.5295295295295295,1199,1000926,F577,,,,,
9.401636,2.239668,6,1000979,,0.06084396467124632,0.6236236236236237,1141,1000979,F389,,,,,
8.691082,1.3537554,6,1000285,,0.1256133464180569,0.5115115115115115,1633,1000285,F248,,,,,
7.201589,1.4650973,6,1000987,,0.047105004906771344,0.6976976976976977,1145,1000987,F490,,,,,
9.273501,2.070619,6,1001013,,0.04416094210009813,0.5215215215215215,1161,1001013,F375,,,,,
9.109529,2.1054966,6,1000308,,0.04906771344455348,0.4244244244244244,493,1000308,F96,,,,,
7.231181,1.4509032,6,1000315,,0.053974484789008834,0.5165165165165165,1361,1000315,F320,,,,,
9.283318,2.1281214,6,1000320,,0.040235525024533855,0.6966966966966966,502,1000320,F816,,,,,
7.178221,1.5950749,6,1000339,,0.038272816486751716,0.5635635635635635,1373,1000339,F365,,,,,
7.349262,1.9195485,6,1000367,,0.04808635917566242,0.25125125125125125,519,1000367,F98,,,,,
9.420868,2.2260141,6,1000468,,0.03925417075564279,0.4984984984984985,1415,1000468,F472,,,,,
13.51723,5.848023,9,1000611,,0.06575073601570167,0.21921921921921922,979,1000611,F442,,,,,
13.426124,5.8871226,9,1000867,,0.058881256133464184,0.23723723723723725,781,1000867,F378,,,,,
13.445123,5.8607707,9,1000676,,0.05789990186457311,0.23723723723723725,1003,1000676,F694,,,,,
13.509231,5.7845526,9,1000700,,0.06182531894013739,0.2182182182182182,1009,1000700,F664,,,,,
13.304978,5.835244,9,1000869,,0.05691854759568204,0.23823823823823823,782,1000869,F368,,,,,
13.536806,5.8403087,9,1000839,,0.06575073601570167,0.23123123123123124,774,1000839,F373,,,,,
13.3706,5.8615885,9,1000822,,0.05986261040235525,0.24224224224224225,1051,1000822,F569,,,,,
13.544725,5.851911,9,1000779,,0.06084396467124632,0.22322322322322322,1039,1000779,F360,,,,,
13.535364,5.831926,9,1000751,,0.09126594700686948,0.23923923923923923,1032,1000751,F523,,,,,
13.375643,5.8719497,9,1000834,,0.04612365063788027,0.25325325325325326,770,1000834,F366,,,,,
13.433315,5.8694105,9,1000782,,0.052011776251226695,0.2802802802802803,753,1000782,F380,,,,,
13.327194,5.850093,9,1000655,,0.05789990186457311,0.22422422422422422,995,1000655,F533,,,,,
13.55221,5.816148,9,1000725,,0.06771344455348381,0.20520520520520522,1021,1000725,F400,,,,,
13.268305,5.8130817,9,1000871,,0.06280667320902845,0.23623623623623624,1065,1000871,F651,,,,,
13.292701,5.8365693,9,1000253,,0.053974484789008834,0.36036036036036034,1624,1000253,F879,,,,,
13.578892,5.76573,9,1000640,,0.04612365063788027,0.35235235235235235,990,1000640,F440,,,,,
13.306398,5.8361588,9,1000296,,0.04612365063788027,0.36236236236236236,1640,1000296,F880,,,,,
13.29301,5.8270206,9,1000639,,0.04317958783120707,0.3923923923923924,989,1000639,F435,,,,,
13.486002,5.737423,9,1000682,,0.04612365063788027,0.4994994994994995,1006,1000682,F486,,,,,
13.03714,2.7151563,4,1000227,,0.06575073601570167,0.12612612612612611,1610,1000227,F451,,,,,
13.105344,2.6457262,4,1000453,,0.058881256133464184,0.15815815815815815,1502,1000453,F450,,,,,
13.053374,2.6987655,4,1000122,,0.06771344455348381,0.2182182182182182,1567,1000122,F452,,,,,
13.128412,2.62276,4,1000528,,0.06869479882237488,0.20520520520520522,1528,1000528,F417,,,,,
12.962062,2.792209,4,1000498,,0.08341511285574092,0.23123123123123124,1516,1000498,F627,,,,,
13.122003,2.629285,4,1000105,,0.050049067713444556,0.22722722722722724,1556,1000105,F448,,,,,
13.100037,2.6517885,4,1000526,,0.04808635917566242,0.22922922922922923,1527,1000526,F454,,,,,
13.047882,2.7051034,4,1000457,,0.06084396467124632,0.26226226226226224,1504,1000457,F399,,,,,
13.098107,2.655643,4,1000121,,0.05103042198233562,0.24924924924924924,1566,1000121,F743,,,,,
13.150443,2.6035435,4,1000445,,0.06084396467124632,0.2602602602602603,1498,1000445,F415,,,,,
13.166898,2.5873938,4,1000480,,0.05986261040235525,0.2702702702702703,1511,1000480,F453,,,,,
13.091432,2.6629665,4,1000443,,0.052011776251226695,0.2682682682682683,1497,1000443,F459,,,,,
13.04284,2.7120717,4,1000596,,0.06280667320902845,0.2702702702702703,1550,1000596,F449,,,,,
13.003599,2.7501173,4,1000817,,0.04808635917566242,0.2702702702702703,857,1000817,F849,,,,,
12.942095,2.8169754,4,1000927,,0.047105004906771344,0.4004004004004004,1200,1000927,F621,,,,,
13.019073,2.7325392,4,1000542,,0.053974484789008834,0.3333333333333333,1531,1000542,F403,,,,,
12.954897,2.803665,4,1000546,,0.04612365063788027,0.44344344344344344,1534,1000546,F398,,,,,
13.013083,2.7378678,4,1000428,,0.07163886162904809,0.19119119119119118,1495,1000428,F720,,,,,
13.094849,2.6525874,4,1000935,,0.0971540726202159,0.06706706706706707,1201,1000935,F408,,,,,
12.982011,2.7620978,4,1000969,,0.09028459273797841,0.1031031031031031,1132,1000969,F860,,,,,
12.573752,3.3516269,4,1000718,,0.08635917566241413,0.016016016016016016,928,1000718,F655,,,,,
12.529856,3.4298089,4,1001002,,0.06378802747791953,0.3073073073073073,1156,1001002,F612,,,,,
12.581577,3.3960755,4,1000441,,0.06280667320902845,0.01901901901901902,1408,1000441,F384,,,,,
12.462382,3.3725777,4,1000515,,0.04808635917566242,0.3153153153153153,1432,1000515,F392,,,,,
12.413425,3.367525,4,1000755,,0.05103042198233562,0.3183183183183183,938,1000755,F852,,,,,
12.564777,3.406117,4,1000936,,0.05691854759568204,0.2992992992992993,1202,1000936,F575,,,,,
12.592946,3.855219,4,1000521,,0.04121687929342493,0.5555555555555556,660,1000521,F71,,,,,
7.8582034,9.751445,5,1000666,,0.03631010794896958,0.7157157157157157,909,1000666,F238,,,,,
12.698376,4.516915,4,1000731,,0.038272816486751716,0.6816816816816816,738,1000731,F67,,,,,
13.137471,2.612885,4,1000757,,0.07556427870461237,0.04604604604604605,939,1000757,F570,,,,,
13.375031,5.8251734,9,1000765,,0.03729146221786065,0.3843843843843844,752,1000765,F379,,,,,
12.511267,3.5515149,4,1000792,,0.09028459273797841,0.07307307307307308,1041,1000792,F319,,,,,
12.533155,3.5633605,4,1000794,,0.08832188420019627,0.12912912912912913,1042,1000794,F668,,,,,
12.884896,2.8858676,4,1000879,,0.053974484789008834,0.2682682682682683,1073,1000879,F508,,,,,
12.89649,2.8688293,4,1000889,,0.05103042198233562,0.2652652652652653,1173,1000889,F629,,,,,
16.363752,-9.764672,10,1000804,,0.0873405299313052,0.01701701701701702,1048,1000804,R69,Variety-42,Variety-42,SourceA,Breeder seed,
16.339882,-9.740808,10,1000841,,0.08243375858684986,0.015015015015015015,775,1000841,F507,,,,,
16.373203,-9.774162,10,1000730,,0.08439646712463199,0.01701701701701702,1024,1000730,F412,,,,,
16.36146,-9.762392,10,1000769,,0.08930323846908735,0.016016016016016016,1034,1000769,F325,,,,,
16.301905,-9.702863,10,1000838,,0.08832188420019627,0.015015015015015015,773,1000838,F481,,,,,
16.320612,-9.721571,10,1000719,,0.08145240431795878,0.013013013013013013,1017,1000719,F501,,,,,
16.35235,-9.753286,10,1000117,,0.08635917566241413,0.012012012012012012,411,1000117,F36,,,,,
16.260979,-9.661997,10,1000832,,0.08930323846908735,0.01701701701701702,769,1000832,F536,,,,,
16.393877,-9.794841,10,1000861,,0.08832188420019627,0.01701701701701702,778,1000861,F483,,,,,
16.29491,-9.695925,10,1000701,,0.08243375858684986,0.016016016016016016,1011,1000701,R69,Variety-42,Variety-42,SourceA,Breeder seed,
16.365082,-9.766114,10,1000752,,0.08930323846908735,0.01701701701701702,745,1000752,F40,,,,,
16.390411,-9.791354,10,1000139,,0.08243375858684986,0.018018018018018018,420,1000139,F10,,,,,
16.299654,-9.7005825,10,1000727,,0.08832188420019627,0.018018018018018018,1022,1000727,F778,,,,,
16.247025,-9.647982,10,1000120,,0.08341511285574092,0.08308308308308308,413,1000120,F815,,,,,
16.436106,-9.836984,10,1000744,,0.06182531894013739,0.02702702702702703,1028,1000744,F854,,,,,
16.330622,-9.731497,10,1000641,,0.06869479882237488,0.07407407407407407,991,1000641,F363,,,,,
16.408695,-9.809417,10,1000837,,0.04317958783120707,0.34034034034034033,772,1000837,F841,,,,,
16.351152,-9.751852,10,1000723,,0.053974484789008834,0.33633633633633636,1019,1000723,F678,,,,,
16.427603,-9.828136,10,1000608,,0.06771344455348381,0.34934934934934936,977,1000608,F628,,,,,
16.470144,-9.870341,10,1000619,,0.04612365063788027,0.5405405405405406,984,1000619,F361,,,,,
16.477913,-9.877418,10,1000369,,0.03925417075564279,0.6816816816816816,1473,1000369,F530,,,,,
16.460037,-9.86017,10,1000812,,0.05691854759568204,0.3913913913913914,766,1000812,F353,,,,,
-10.405058,9.657491,11,1000674,,0.09224730127576054,0.013013013013013013,1002,1000674,F477,,,,,
-10.173029,9.889717,11,1000781,,0.0873405299313052,0.01901901901901902,1040,1000781,F338,,,,,
-10.237139,9.825641,11,1000294,,0.09224730127576054,0.036036036036036036,1639,1000294,F298,,,,,
-10.341617,9.721086,11,1000642,,0.0873405299313052,0.03403403403403404,992,1000642,F462,,,,,
-10.277262,9.785488,11,1000826,,0.08930323846908735,0.042042042042042045,1053,1000826,F563,,,,,
-10.248257,9.814525,11,1000787,,0.07850834151128558,0.036036036036036036,759,1000787,F429,,,,,
-10.432325,9.63032,11,1000777,,0.08439646712463199,0.04904904904904905,1038,1000777,F692,,,,,
-10.413889,9.648778,11,1000680,,0.08145240431795878,0.04704704704704705,1005,1000680,F512,,,,,
-10.364419,9.69835,11,1000729,,0.08832188420019627,0.05205205205205205,1023,1000729,F502,,,,,
-10.192119,9.870643,11,1000775,,0.08243375858684986,0.05105105105105105,1037,1000775,F568,,,,,
-10.4385395,9.624216,11,1000632,,0.08341511285574092,0.055055055055055056,985,1000632,F619,,,,,
-10.404842,9.657879,11,1000771,,0.08341511285574092,0.05005005005005005,1035,1000771,F769,,,,,
-10.142176,9.920635,11,1000801,,0.08537782139352307,0.044044044044044044,1046,1000801,F416,,,,,
-10.394613,9.668159,11,1000708,,0.0775269872423945,0.05205205205205205,1016,1000708,F767,,,,,
-10.381235,9.681526,11,1000750,,0.09028459273797841,0.05305305305305305,1031,1000750,F546,,,,,
-10.357423,9.7053795,11,1000843,,0.08047105004906771,0.05205205205205205,776,1000843,F404,,,,,
-10.197013,9.865796,11,1000267,,0.09617271835132483,0.04604604604604605,1625,1000267,F301,,,,,
-10.122765,9.939976,11,1000614,,0.0745829244357213,0.24924924924924924,981,1000614,F460,,,,,
-10.155914,9.906885,11,1000863,,0.06182531894013739,0.13513513513513514,779,1000863,F539,,,,,
-10.199014,9.863735,11,1000800,,0.05986261040235525,0.34134134134134136,1045,1000800,F566,,,,,
-10.3303385,9.732321,11,1000659,,0.058881256133464184,0.3163163163163163,998,1000659,F711,,,,,
-10.162305,9.900501,11,1000587,,0.0549558390578999,0.3283283283283283,1453,1000587,F274,,,,,
-10.409032,9.653628,11,1000807,,0.05103042198233562,0.43243243243243246,763,1000807,F430,,,,,
14.168412,12.192999,12,1000318,,0.07556427870461237,0.011011011011011011,500,1000318,F199,,,,,
14.17863,12.203129,12,1000270,,0.06673209028459273,0.018018018018018018,475,1000270,F195,,,,,
14.181349,12.205753,12,1000556,,0.0745829244357213,0.06806806806806807,579,1000556,F201,,,,,
14.150755,12.175551,12,1000541,,0.05986261040235525,0.08708708708708708,666,1000541,F205,,,,,
14.167288,12.192049,12,1000743,,0.05789990186457311,0.11811811811811812,836,1000743,F179,,,,,
14.175688,12.200556,12,1000469,,0.07556427870461237,0.15015015015015015,551,1000469,F126,,,,,
14.171889,12.196517,12,1000554,,0.06084396467124632,0.28928928928928926,578,1000554,F192,,,,,
14.126301,12.154426,12,1000662,,0.05986261040235525,0.44644644644644643,808,1000662,F845,,,,,
14.075371,12.105863,12,1000706,,0.19234543670264967,0.4774774774774775,823,1000706,F160,,,,,
4.259253,24.234749,13,1000407,,0.04612365063788027,0.4264264264264264,529,1000407,F184,,,,,
4.265136,24.22886,13,1000571,,0.045142296368989206,0.4294294294294294,675,1000571,F172,,,,,
4.2487354,24.245264,13,1000543,,0.050049067713444556,0.4624624624624625,667,1000543,F173,,,,,
4.249982,24.244062,13,1000514,,0.045142296368989206,0.3963963963963964,567,1000514,F215,,,,,
4.268805,24.225264,13,1000610,,0.06869479882237488,0.4074074074074074,787,1000610,F217,,,,,
4.24248,24.251545,13,1000337,,0.045142296368989206,0.4094094094094094,507,1000337,F185,,,,,
4.2094183,24.284697,13,1000511,,0.038272816486751716,0.5215215215215215,565,1000511,F131,,,,,
4.262885,24.2311,13,1000590,,0.040235525024533855,0.4874874874874875,681,1000590,F206,,,,,
4.224882,24.268623,13,1000558,,0.042198233562315994,0.5695695695695696,580,1000558,F186,,,,,
4.263084,24.230959,13,1000484,,0.03925417075564279,0.5385385385385385,554,1000484,F817,,,,,
4.245583,24.248377,13,1000565,,0.04416094210009813,0.5385385385385385,1448,1000565,F244,,,,,
7.516207,9.835533,5,1000408,,0.06280667320902845,0.14714714714714713,1394,1000408,F491,,,,,
