embedding_X,embedding_Y,cluster,short_name,variety,assignment_confidence,heterozygous_loci_count,avg_heterozygosity_level,missingness
-3.8474078,0.61947066,0,1000247,Variety-29,1.0,89,0.5232833629856173,0.015015015015015015
-3.7722025,0.66459453,0,1000052,Variety-37,1.0,11,0.43766585351670595,0.03203203203203203
-3.7477865,0.7088343,0,1000051,Variety-37,1.0,16,0.5249710323769261,0.04004004004004004
-3.6899118,0.66893834,0,1000091,Variety-30_b,1.0,34,0.46982333370294765,0.03903903903903904
-3.7357574,0.7150398,0,1000092,Variety-30_b,1.0,38,0.5357565308647212,0.04604604604604605
-3.983292,0.06201203,0,1000008,Variety-33,1.0,6,0.5514794909809736,0.014014014014014014
-3.9828904,0.035679467,0,1000087,Variety-33,1.0,8,0.5084547164245151,0.01701701701701702
-3.983461,0.03296933,0,1000088,Variety-33,1.0,5,0.5508796296296297,0.013013013013013013
-3.988067,0.021493027,0,1000023,Variety-34,1.0,5,0.485,0.016016016016016016
-3.9842846,0.02171251,0,1000022,Variety-34,1.0,7,0.4131512165994925,0.016016016016016016
-3.9836705,0.04221118,0,1000009,Variety-33,1.0,8,0.5392698798627003,0.016016016016016016
-3.9119916,0.55140525,0,1000005,Variety-36,1.0,6,0.5422470978441128,0.015015015015015015
-3.94599,0.50668454,0,1000031,Variety-33,1.0,6,0.6325545171339564,0.018018018018018018
-4.0000567,0.45617175,0,1000018,Variety-38,1.0,12,0.5378460626945335,0.015015015015015015
-3.9252603,0.55305564,0,1000053,Variety-35,1.0,8,0.5133337037383615,0.021021021021021023
-3.919854,0.55009764,0,1000241,Variety-35,1.0,7,0.5062816616008105,0.01701701701701702
-3.8920867,0.5522243,0,1000239,Variety-35,1.0,9,0.5938188564007745,0.015015015015015015
-3.9167185,0.570025,0,1000054,Variety-35,1.0,5,0.5393495934959349,0.01001001001001001
-3.988893,0.4631875,0,1000001,Variety-33,1.0,17,0.5886216140101621,0.026026026026026026
-3.9110959,0.56804997,0,1000019,Variety-38,1.0,9,0.3862887419408354,0.009009009009009009
-3.975423,0.50062096,0,1000030,Variety-33,1.0,16,0.5856043963063726,0.014014014014014014
-3.9157636,0.53856355,0,1000261,Variety-38,1.0,16,0.5381142199272301,0.02002002002002002
-3.9506955,0.49813154,0,1000259,Variety-38,1.0,18,0.5014287393886441,0.013013013013013013
-4.0309086,0.8382801,0,1000180,Variety-34,1.0,11,0.3981721482130682,0.035035035035035036
-4.041283,0.90967166,0,1000178,Variety-34,1.0,12,0.4660013935522754,0.031031031031031032
-4.043514,0.90020996,0,1000176,Variety-34,1.0,8,0.3718194235799569,0.028028028028028028
-4.013049,0.845679,0,1000174,Variety-34,1.0,9,0.4391811953016694,0.036036036036036036
15.032771,8.428382,1,1000084,Variety-6,1.0,23,0.4407484329543612,0.011011011011011011
15.032311,8.42777,1,1000083,Variety-6,1.0,32,0.5081751858840939,0.02002002002002002
15.000159,8.800536,1,1000113,Variety-31_b,1.0,17,0.5390144561059108,0.026026026026026026
15.028441,8.740199,1,1000114,Variety-31_b,1.0,22,0.5220655522673239,0.043043043043043044
14.986198,8.859356,1,1000002,Variety-31_a,1.0,427,0.48628890573033534,0.01001001001001001
14.995009,8.848678,1,1000040,Variety-31_a,1.0,421,0.4732296729254715,0.007007007007007007
14.967711,8.895759,1,1000096,Variety-32,1.0,8,0.45809347561185254,0.007007007007007007
14.932291,8.950797,1,1000095,Variety-32,1.0,8,0.4652494811790877,0.009009009009009009
14.940964,8.911013,1,1000128,Variety-32,1.0,345,0.5074202180122033,0.001001001001001001
14.899373,8.969558,1,1000126,Variety-32,1.0,420,0.4837919327083628,0.003003003003003003
15.625858,9.273218,1,1000664,Variety-31_a,-11.333594434261373,11,0.3190830653339393,0.008008008008008008
15.603808,9.250309,1,1000624,Variety-31_a,-11.325408819351223,12,0.3688816357234121,0.009009009009009009
15.6111,9.253929,1,1000409,Variety-31_a,-11.319630446835136,12,0.3571934966528827,0.01001001001001001
15.656546,9.303877,1,1000651,Variety-31_a,-11.327659833273971,12,0.3850729789340934,0.01001001001001001
15.576045,9.221576,1,1000688,Variety-31_a,-11.355779734492659,11,0.36877246129398333,0.009009009009009009
15.670014,9.318795,1,1000490,Variety-31_a,-11.335373749354503,13,0.34078043484753806,0.006006006006006006
15.606241,9.251962,1,1000483,Variety-31_a,-11.295999610544444,15,0.4337477835350986,0.003003003003003003
15.568368,9.210181,1,1000415,Variety-31_a,-11.210302507537822,16,0.36923252332539647,0.002002002002002002
15.587289,9.226893,1,1000836,Variety-31_a,-11.236769416440096,18,0.4176443913793884,0.002002002002002002
15.535661,9.175593,1,1000461,Variety-31_a,-10.942393549864185,176,0.5901566840977787,0.004004004004004004
15.523121,9.160699,1,1000563,Variety-31_a,-10.844699673086264,118,0.4993339911199351,0.0
15.505266,9.136206,1,1000864,Variety-31_a,-10.35472079805849,322,0.5226682472792725,0.003003003003003003
15.506516,9.128485,1,1000954,Variety-31_a,-10.443769189596988,387,0.5427011575170142,0.006006006006006006
15.453303,9.062603,1,1000866,Variety-31_a,-10.19232121497748,388,0.5371772815348118,0.001001001001001001
15.46464,9.077801,1,1000416,Variety-31_a,-9.945285505725815,357,0.49335306303930426,0.001001001001001001
15.216089,8.458344,1,1000840,Variety-31_a,-10.263604360466264,655,0.5106783576934001,0.001001001001001001
15.209738,8.50987,1,1000862,Variety-31_a,-12.199460397158033,184,0.4925118246711489,0.006006006006006006
15.207576,8.640437,1,1000907,Variety-31_a,-11.536685164551086,522,0.5073061216911827,0.003003003003003003
15.456732,9.017621,1,1000914,Variety-31_a,-11.087982034686902,298,0.47438317936040686,0.004004004004004004
15.263766,8.605987,1,1000916,Variety-31_a,-11.042021900061618,628,0.49776553364642645,0.01001001001001001
15.386233,8.862611,1,1000943,Variety-31_a,-9.921081597012934,555,0.47565948992666923,0.003003003003003003
15.2282,8.499904,1,1000464,Variety-31_a,-9.711280815515712,726,0.5127188170816096,0.001001001001001001
15.2633,8.511837,1,1000512,Variety-31_a,-10.43311412727457,501,0.49166276882182364,0.001001001001001001
15.269147,8.5388155,1,1000929,Variety-31_a,-10.568299231217125,524,0.48797586408375976,0.012012012012012012
15.214573,8.467903,1,1000626,Variety-31_a,-10.778738975352011,448,0.5110548804685552,0.001001001001001001
15.359842,8.885064,1,1000670,Variety-31_a,-10.136252777936786,631,0.4804591078980067,0.0
15.166452,8.487546,1,1000766,Variety-31_a,-9.63645131323097,754,0.5117244068542394,0.004004004004004004
15.23422,8.5554905,1,1000768,Variety-31_a,-9.33006096153906,760,0.5130051287398818,0.002002002002002002
15.085794,8.599804,1,1000772,Variety-31_a,-9.50196035323732,771,0.5163908599730458,0.001001001001001001
15.150368,8.53741,1,1000770,Variety-31_a,-9.816200917843235,711,0.5088026568934868,0.01901901901901902
15.138419,8.437054,1,1000828,Variety-31_a,-10.219854975999118,723,0.5102148888218517,0.025025025025025027
-1.0838127,6.3129845,2,1000044,Variety-18,,217,0.5548152244272865,0.011011011011011011
-1.1087618,6.301704,2,1000043,Variety-18,,283,0.5987671592922383,0.009009009009009009
-1.6006484,4.276959,3,1000055,Variety-31_c,1.0,6,0.6978579944716227,0.015015015015015015
-1.6144613,4.285027,3,1000003,Variety-31_c,1.0,6,0.7117579301789828,0.014014014014014014
-1.6322435,4.2583923,3,1000062,Variety-31_c,1.0,12,0.5473415996063776,0.04004004004004004
-1.6608531,4.3311586,3,1000099,Variety-31_c,1.0,25,0.649194225064835,0.008008008008008008
-1.5461498,4.1392484,3,1000006,Variety-39,1.0,41,0.511277776010671,0.008008008008008008
-1.5704633,4.1942124,3,1000257,Variety-39,1.0,44,0.5180348881829123,0.012012012012012012
-1.590862,4.1578755,3,1000258,Variety-39,1.0,43,0.508360334602509,0.01001001001001001
-1.6277404,4.187829,3,1000007,Variety-39,1.0,43,0.5062869536171644,0.011011011011011011
-2.4546316,4.3906827,3,1000234,Variety-39,-5.506406645510361,7,0.4359249186796779,0.014014014014014014
-2.4867694,4.7001133,3,1000143,Variety-39,-5.029604904908141,41,0.5017195031994105,0.01001001001001001
-2.497534,4.6886883,3,1000242,Variety-39,-4.964228518638691,34,0.48924479348859923,0.01001001001001001
-1.7788807,4.4845805,3,1000183,Variety-39,-4.323644744098844,27,0.49974248100005786,0.013013013013013013
-2.4677298,4.499233,3,1000141,Variety-39,-5.19844251721871,25,0.5718199700477027,0.005005005005005005
-2.3523178,4.429186,3,1000199,Variety-39,-5.144633248720568,23,0.5704248814439885,0.015015015015015015
-2.4780583,4.3592806,3,1000249,Variety-39,-5.3991802266070925,15,0.6111431428729966,0.011011011011011011
-2.4710314,4.713864,3,1000195,Variety-39,-4.91432860960591,55,0.5453678084646174,0.005005005005005005
-2.4053106,4.758003,3,1000197,Variety-39,-4.902520756297579,53,0.5092732604177306,0.009009009009009009
-2.4147322,4.459246,3,1000243,Variety-39,-5.216812298873564,22,0.5713949328933239,0.008008008008008008
-2.4769309,4.7097607,3,1000225,Variety-39,-4.922219956172025,53,0.5281663917269327,0.013013013013013013
-1.7862408,4.485933,3,1000230,Variety-39,-4.4164961281334145,21,0.4644354446076386,0.011011011011011011
-2.1772683,4.45944,3,1000213,Variety-39,-4.995463123704913,43,0.5523948202655903,0.018018018018018018
-2.4229763,4.484435,3,1000182,Variety-39,-5.131675481830941,35,0.5901777603184477,0.01001001001001001
-2.4290416,4.4166164,3,1000198,Variety-39,-5.345930154438935,29,0.4851575987325629,0.015015015015015015
-2.1703048,4.8470836,3,1000212,Variety-39,-5.857187361499313,23,0.5793458217078369,0.01701701701701702
-1.9096423,4.828271,3,1000161,Variety-39,-5.010092263862526,37,0.49456723166642025,0.009009009009009009
-0.8105734,5.2262297,3,1000210,Variety-39,-8.430868109228012,342,0.5074212898722013,0.0
-2.3986125,4.41786,3,1000186,Variety-39,-5.37099903511882,24,0.5472490005328329,0.009009009009009009
-2.4385152,4.4377627,3,1000163,Variety-39,-5.288001299715862,22,0.4822629941913139,0.008008008008008008
-2.4527047,4.6655865,3,1000185,Variety-39,-4.923290887323903,45,0.5112158173789825,0.01001001001001001
-2.3735974,4.4448514,3,1000232,Variety-39,-5.127027105353576,37,0.49615438738835504,0.008008008008008008
-1.7758778,4.474439,3,1000226,Variety-39,-4.382561141017079,37,0.47555433518725915,0.011011011011011011
-2.1208446,4.430847,3,1000202,Variety-39,-5.0301602598525434,55,0.4845899583417972,0.01001001001001001
-2.509039,4.654296,3,1000246,Variety-39,-5.070707193214591,47,0.4827032156637403,0.008008008008008008
-2.5068073,4.774898,3,1000244,Variety-39,-4.995200066991767,54,0.5245127496313259,0.009009009009009009
-2.4091659,4.563196,3,1000208,Variety-39,-5.006069647373003,50,0.5510124533908106,0.009009009009009009
-1.9590609,4.847884,3,1000211,Variety-39,-5.122231228393193,41,0.34907905885661383,0.014014014014014014
-0.7879675,5.2216473,3,1000891,Variety-39,-9.620438551886767,332,0.5019256101451817,0.004004004004004004
-2.095753,4.3921895,3,1000209,Variety-39,-5.032604723860206,69,0.4588653607956392,0.009009009009009009
-2.3649185,4.439856,3,1000248,Variety-39,-5.171716704663583,53,0.48780106635106363,0.01001001001001001
-1.9826126,4.372335,3,1000181,Variety-39,-4.828043155384082,83,0.46810904258624286,0.007007007007007007
-1.9477285,4.814401,3,1000228,Variety-39,-5.1201367254047305,67,0.47682322858451953,0.012012012012012012
-1.0671313,5.03768,3,1000135,Variety-39,-6.648167996910602,341,0.5323158433602647,0.003003003003003003
-0.8635219,5.1811285,3,1000145,Variety-39,-8.635894415603328,396,0.5016309856357161,0.0
-1.1197475,4.9964595,3,1000137,Variety-39,-6.422324493549321,342,0.5436369581484922,0.004004004004004004
-1.8320277,4.827757,3,1000201,Variety-39,-5.026385056190868,114,0.5705494894559463,0.003003003003003003
-1.7805104,4.3645067,3,1000187,Variety-39,-4.737245570812575,168,0.5691233588081098,0.001001001001001001
-1.1424776,4.9835124,3,1000159,Variety-39,-6.057090875009056,341,0.5462879831957927,0.001001001001001001
-2.182661,4.538176,3,1000156,Variety-39,-5.073206989892859,229,0.561747660543605,0.002002002002002002
-1.9834605,4.527931,3,1000165,Variety-39,-4.8467485721160015,241,0.5719063430702824,0.0
-1.7570837,4.802947,3,1000533,Variety-39,-5.025256035197207,299,0.5926028289571792,0.0
-1.712689,4.8210845,3,1000142,Variety-39,-5.021962005219,298,0.5705299120743546,0.002002002002002002
-1.5943636,4.634596,3,1000158,Variety-39,-4.288496408158085,317,0.5820791129250809,0.002002002002002002
-1.5109069,4.6792645,3,1000214,Variety-39,-4.268838330125364,338,0.5802889909136171,0.002002002002002002
-1.136666,5.0001125,3,1000157,Variety-39,-5.987277998711489,439,0.5556454579418596,0.002002002002002002
-1.385594,4.825215,3,1000116,Variety-39,-5.03863859175386,339,0.5686230808077473,0.001001001001001001
-1.3479445,4.821764,3,1000229,Variety-39,-5.525188235330968,349,0.5578879351035486,0.002002002002002002
-1.3927759,4.816385,3,1000188,Variety-39,-5.463933232200277,427,0.5615791346158562,0.0
-1.5179864,7.552342,2,1000657,Variety-18,,11,0.5703511533716789,0.01001001001001001
-1.5218831,7.5556765,2,1000721,Variety-18,,30,0.5496850081883908,0.011011011011011011
-1.5135844,7.546455,2,1000613,Variety-18,,26,0.5436918811330854,0.009009009009009009
-1.5370667,7.569715,2,1000652,Variety-18,,27,0.5487712380895312,0.006006006006006006
-1.5734906,7.6091495,2,1000684,Variety-18,,11,0.48571925063143007,0.007007007007007007
-1.5179735,7.5564203,2,1000810,Variety-18,,17,0.531643388673355,0.009009009009009009
-1.5431837,7.583326,2,1000809,Variety-18,,13,0.5868505835906267,0.004004004004004004
-1.4985245,7.5094748,2,1000818,Variety-18,,40,0.4748805331627535,0.009009009009009009
-1.544147,7.5630903,2,1000773,Variety-18,,29,0.5957173902670192,0.009009009009009009
-1.586704,7.619571,2,1000835,Variety-18,,31,0.4975224919373622,0.006006006006006006
-1.5270075,7.574998,2,1000859,Variety-18,,22,0.4976180074721501,0.002002002002002002
-1.5355519,7.5704317,2,1000373,Variety-18,,42,0.5158321421843839,0.01001001001001001
-1.006978,6.792504,2,1000798,Variety-18,,194,0.5123939155124893,0.003003003003003003
-1.4960474,7.5204043,2,1000746,Variety-18,,60,0.545335650683781,0.007007007007007007
-1.5617917,7.5984855,2,1000332,Variety-18,,46,0.5649380743497542,0.009009009009009009
-1.5255842,7.5569515,2,1000618,Variety-18,,32,0.5326522562546188,0.001001001001001001
-0.7043036,6.4813747,2,1000353,Variety-18,,305,0.5465462534991925,0.004004004004004004
-1.4218328,7.4356303,2,1000741,Variety-18,,171,0.5043805218043805,0.003003003003003003
-0.72047853,6.4970813,2,1000324,Variety-18,,314,0.5406583971575801,0.004004004004004004
-0.7392394,6.5211573,2,1000349,Variety-18,,314,0.5594615079540975,0.002002002002002002
-1.2924174,7.224983,2,1000707,Variety-18,,199,0.5108512527619152,0.0
-1.3986688,7.4120975,2,1000705,Variety-18,,174,0.498684280281379,0.002002002002002002
-0.69563293,6.5087957,2,1000184,Variety-18,,324,0.5637974918715607,0.012012012012012012
-0.7462323,6.522899,2,1000327,Variety-18,,318,0.5507438151566082,0.003003003003003003
-0.702208,6.457938,2,1000347,Variety-18,,406,0.549866612750068,0.009009009009009009
-0.907355,6.6046534,2,1000326,Variety-18,,335,0.5477626942818905,0.005005005005005005
-0.7253339,6.5071673,2,1000829,Variety-18,,295,0.558334669193983,0.004004004004004004
-0.9311855,6.6660824,2,1000351,Variety-18,,321,0.5652597751286716,0.006006006006006006
-0.89298135,6.6304426,2,1000189,Variety-18,,321,0.5626123316429147,0.012012012012012012
-0.9686911,6.7070003,2,1000372,Variety-18,,304,0.5847845556864637,0.003003003003003003
-0.6983609,6.49653,2,1000724,Variety-18,,425,0.5733774309194878,0.0
-0.8933407,6.6300488,2,1000378,Variety-18,,372,0.5570399397385001,0.005005005005005005
-0.8990379,6.6418295,2,1000796,Variety-18,,524,0.5434486358821751,0.0
-1.522798,4.775708,3,1000815,Variety-39,-5.430476807803457,354,0.5287916515266,0.002002002002002002
-1.1815252,4.955569,3,1000890,Variety-39,-6.252246715583327,335,0.5694501835779012,0.002002002002002002
-1.6875453,4.896747,3,1000901,Variety-39,-6.39737019935156,39,0.5535833943247436,0.009009009009009009
-1.0190401,5.069027,3,1000906,Variety-39,-7.216277052798185,382,0.5411779712644195,0.005005005005005005
-0.8270026,5.2176256,3,1000910,Variety-39,-8.071521272926745,437,0.5300255399396528,0.001001001001001001
-0.6835433,5.3545756,3,1000958,Variety-39,-10.251094021314296,461,0.4951883951020282,0.007007007007007007
-0.6516103,5.3078933,3,1000385,Variety-39,-12.258093256481843,330,0.4552650767664851,0.0
-0.7034775,5.282283,3,1000439,Variety-39,-9.553109468819894,734,0.5525498092282952,0.0
-1.2641625,4.982444,3,1000467,Variety-39,-7.171313173545638,278,0.5443393609767233,0.003003003003003003
-0.7256294,5.332817,3,1000506,Variety-39,-8.377718831437845,621,0.5455127059074067,0.0
-0.38610464,5.4333396,3,1000588,Variety-39,-12.13025229613489,714,0.5425237850388236,0.001001001001001001
-1.7002126,4.8733945,3,1000593,Variety-39,-7.084488389053657,447,0.602262983621906,0.003003003003003003
-0.7837474,6.572324,2,1000635,Variety-18,,555,0.5613692040297422,0.001001001001001001
-0.83614343,6.6269984,2,1000637,Variety-18,,561,0.5515874786460829,0.0
-0.68014723,6.193117,2,1000678,Variety-18,,429,0.5219033685769218,0.001001001001001001
11.495687,4.521273,4,1000081,Variety-1,1.0,395,0.4851902045267804,0.011011011011011011
11.464765,4.523102,4,1000082,Variety-1,1.0,399,0.49383501976510735,0.006006006006006006
10.519232,4.163218,4,1000231,Variety-11,-12.56242358164541,492,0.5059149818915974,0.003003003003003003
10.477616,4.205439,4,1000235,Variety-11,-12.606379250652088,481,0.5001210008479834,0.009009009009009009
8.768271,4.6608953,4,1000010,Variety-2,1.0,48,0.5750033038418476,0.02702702702702703
8.77739,4.6066303,4,1000011,Variety-2,1.0,50,0.5680626028734429,0.02902902902902903
9.236824,4.3448024,4,1000012,Variety-3,1.0,34,0.5392701009091471,0.035035035035035036
9.237924,4.336191,4,1000013,Variety-3,1.0,21,0.5038150350940127,0.025025025025025027
10.518005,3.9055252,4,1000015,Variety-4,1.0,89,0.5383118792090399,0.012012012012012012
10.478321,3.9800186,4,1000014,Variety-4,1.0,100,0.5987767860901618,0.012012012012012012
11.547926,3.9830089,4,1000093,Variety-5,1.0,87,0.5014938811251974,0.009009009009009009
11.531261,4.0003095,4,1000094,Variety-5,1.0,205,0.4766790245724028,0.01001001001001001
11.574207,3.9682825,4,1000071,Variety-7,1.0,11,0.3665293160917225,0.011011011011011011
10.79867,3.8494277,4,1000098,Variety-8,1.0,17,0.48726761652819117,0.01701701701701702
10.80252,3.8443773,4,1000097,Variety-8,1.0,17,0.4906529048802896,0.005005005005005005
8.311854,4.749302,4,1000016,Variety-11,1.0,23,0.4455361443276466,0.01701701701701702
8.323175,4.738263,4,1000089,Variety-11,1.0,19,0.5035589782152813,0.02902902902902903
8.310667,4.7501993,4,1000090,Variety-11,1.0,14,0.5823609810579092,0.014014014014014014
8.285202,4.766042,4,1000017,Variety-11,1.0,14,0.5349355135788706,0.02002002002002002
12.486303,4.6450844,4,1000025,Variety-12,1.0,18,0.5385427643823975,0.012012012012012012
12.536577,4.6461973,4,1000024,Variety-12,1.0,15,0.4700130681882664,0.011011011011011011
13.397215,4.6066656,4,1000033,Variety-14,1.0,443,0.49443450912516523,0.006006006006006006
13.36911,4.626566,4,1000032,Variety-14,1.0,460,0.50673388826674,0.008008008008008008
8.378702,4.712251,4,1000074,Variety-16,1.0,13,0.49850261752496744,0.01701701701701702
8.383042,4.702049,4,1000037,Variety-16,1.0,16,0.5584689329888982,0.01901901901901902
8.389589,4.702047,4,1000036,Variety-16,1.0,19,0.49178507925274156,0.01701701701701702
10.55581,3.4196172,4,1000079,Variety-19,1.0,12,0.5675017342833861,0.02002002002002002
10.591123,3.4424024,4,1000080,Variety-19,1.0,14,0.5287240927128849,0.02002002002002002
10.710156,4.0364976,4,1000045,Variety-20,1.0,33,0.47237373965407575,0.02002002002002002
10.70498,4.013469,4,1000046,Variety-20,1.0,30,0.5223067234751547,0.01901901901901902
15.733149,3.247876,4,1000383,Variety-22,0.8386626594389722,8,0.4699027032687062,0.007007007007007007
15.650003,3.2020986,4,1000582,Variety-22,0.07285082691019873,4,0.5462665684830633,0.003003003003003003
15.520884,3.344854,4,1000004,Variety-22,1.0,20,0.6271090595502427,0.005005005005005005
15.984836,3.7854917,4,1000985,Variety-26_a,-3.6971709430039184,86,0.49147856923015776,0.009009009009009009
15.995798,3.811657,4,1000207,Variety-26_a,-3.797922809459002,123,0.49794272414018764,0.006006006006006006
15.237367,3.6828694,4,1000064,Variety-26_a,1.0,111,0.5142861782951562,0.004004004004004004
13.920733,4.6456485,4,1000312,Variety-26_a,-4.515014505613742,426,0.4943462046080129,0.002002002002002002
15.243842,3.6441944,4,1000728,Variety-22,-0.7118512079220747,227,0.509137552101772,0.004004004004004004
14.698909,4.1956778,4,1000279,Variety-26_a,-3.2161176263309015,338,0.4726573692444852,0.003003003003003003
15.783669,3.8927197,4,1000492,Variety-26_a,-2.5022180205363798,463,0.5029103641437693,0.002002002002002002
13.970259,4.6076593,4,1000458,Variety-22,-4.904769724161398,618,0.4781108446398819,0.001001001001001001
13.640477,4.6790724,4,1000460,Variety-14,-4.974728737287932,675,0.48434717189596416,0.001001001001001001
13.838378,4.591112,4,1000702,Variety-26_a,-5.141772588458076,667,0.5041137406427448,0.003003003003003003
14.08863,4.670091,4,1000878,Variety-26_a,-3.6103381011777413,656,0.4922752019936672,0.003003003003003003
15.742727,3.2806342,4,1000281,Variety-22,0.8784462925187695,7,0.5336080490643403,0.008008008008008008
15.634416,3.2549667,4,1000606,Variety-22,0.7603212090421982,10,0.5078746561412223,0.004004004004004004
15.681595,3.2337465,4,1000063,Variety-22,1.0,19,0.57222097316536,0.005005005005005005
15.763144,3.8854465,4,1000418,Variety-26_a,-3.0020828874246046,239,0.5152637614719398,0.004004004004004004
14.485488,4.1522813,4,1000220,Variety-26_a,-4.062986138742249,351,0.4980534403612925,0.001001001001001001
15.431027,3.3361278,4,1000265,Variety-22,1.0,112,0.4641009911845494,0.007007007007007007
15.938876,3.7742035,4,1000066,Variety-26_a,-3.1271264844072144,203,0.46695902811126594,0.008008008008008008
15.095635,3.8194375,4,1000654,Variety-26_a,-0.32185495809525544,209,0.5235381247217529,0.006006006006006006
15.133567,3.7669835,4,1000633,Variety-26_a,-0.6171573622432887,258,0.4774330018387501,0.001001001001001001
14.578679,4.293275,4,1000625,Variety-22,-2.3038476287127216,464,0.49005565079780594,0.002002002002002002
14.728539,4.148637,4,1000564,Variety-22,-1.8681263272964754,525,0.4842921862663106,0.006006006006006006
14.323586,4.473517,4,1000615,Variety-26_a,-2.285698406865298,524,0.501879374206579,0.001001001001001001
13.89111,4.646876,4,1000474,Variety-26_a,-4.391649042765502,650,0.47523485956574407,0.0
15.743546,3.246546,4,1000255,Variety-22,0.8480282699179802,7,0.5257132301389004,0.006006006006006006
15.684519,3.2591996,4,1000173,Variety-22,1.0,8,0.4931972884475325,0.009009009009009009
15.99744,3.7387555,4,1000399,Variety-22,-1.7663650524675032,28,0.4936034017899339,0.004004004004004004
15.922403,3.5650494,4,1000050,Variety-22,-1.2572894517448656,52,0.499062711490159,0.011011011011011011
15.816414,3.4181514,4,1000179,Variety-22,-0.5227205869916998,139,0.5492070432620002,0.006006006006006006
15.459497,3.3843832,4,1000479,Variety-22,-0.35305353462653377,66,0.480405882803197,0.002002002002002002
15.723499,3.837492,4,1000628,Variety-26_a,-2.621753387478554,186,0.5105161406989833,0.001001001001001001
15.275138,3.6251311,4,1000388,Variety-26_a,-0.4627079115396935,189,0.44029322464930176,0.002002002002002002
14.551448,4.3646407,4,1000240,Variety-22,-3.684557203012682,408,0.4845776039508501,0.0
14.494752,4.4033957,4,1000238,Variety-22,-4.70002675899417,518,0.5054022895354359,0.001001001001001001
14.283431,4.5414963,4,1000292,Variety-26_a,-3.959163128663846,473,0.5082007897339771,0.001001001001001001
14.23971,4.3178396,4,1000429,Variety-22,-4.419851160457942,608,0.4904885477259853,0.001001001001001001
14.511339,4.3297763,4,1000463,Variety-22,-2.1041293189569084,547,0.4750850363596085,0.0
14.23664,4.5353985,4,1000631,Variety-26_a,-2.6515420787503934,615,0.4850052039446531,0.003003003003003003
15.575163,3.326007,4,1000151,Variety-22,1.0,9,0.5336569052214214,0.013013013013013013
15.820659,3.3328207,4,1000898,Variety-22,0.7516975046701702,6,0.48047170693929625,0.003003003003003003
15.65333,3.2845163,4,1000342,Variety-22,-0.1687746212250063,10,0.42469404811774203,0.005005005005005005
15.412052,3.5043645,4,1000603,Variety-22,0.27588539322116146,21,0.5245528931847271,0.004004004004004004
14.362282,4.120745,4,1000299,Variety-26_a,-5.071073571601058,353,0.4956607523492369,0.001001001001001001
16.02271,3.7542663,4,1000205,Variety-26_a,-3.0745565862021698,141,0.4960597843272655,0.002002002002002002
15.032443,3.8685346,4,1000848,Variety-26_a,-2.4988574557415655,270,0.4805834779968658,0.003003003003003003
15.473044,3.6037416,4,1000497,Variety-22,-0.4531160209647873,188,0.5041065092162419,0.003003003003003003
15.005255,3.8801138,4,1000634,Variety-26_a,-0.33181212384618264,243,0.47709112444116253,0.002002002002002002
15.267052,3.7059844,4,1001010,Variety-22,-1.777206901244957,325,0.4777930557713355,0.002002002002002002
14.587007,4.358653,4,1000993,Variety-22,-3.353609287287629,499,0.48157309838418844,0.001001001001001001
14.492587,4.2727175,4,1000448,Variety-22,-1.93948549364704,497,0.4865376708061199,0.0
14.476836,4.3803997,4,1000502,Variety-22,-2.234333040768838,555,0.4954605522073228,0.0
14.10327,4.6048965,4,1000489,Variety-26_a,-3.4188909740381144,642,0.49129298615858985,0.0
15.72083,3.1977,4,1000269,Variety-22,0.8608375165072939,7,0.5504684634567576,0.008008008008008008
15.753011,3.2039433,4,1000986,Variety-22,0.8733853252878734,7,0.5418225671866226,0.011011011011011011
15.693293,3.2464504,4,1000510,Variety-22,0.7731805422024467,9,0.4493223647688571,0.005005005005005005
15.9139385,3.6345866,4,1000049,Variety-22,-1.521548596944843,68,0.5321225734599773,0.008008008008008008
14.322699,4.2927256,4,1000371,Variety-22,-3.5971750668155114,370,0.48297387539643377,0.004004004004004004
15.527933,3.3811994,4,1000263,Variety-22,1.0,114,0.4777984052825535,0.014014014014014014
15.07315,3.8254948,4,1000278,Variety-26_a,-2.342835499712229,247,0.46365169826218183,0.002002002002002002
15.264522,3.7651224,4,1000256,Variety-22,-2.60210931375008,261,0.48557268921914254,0.003003003003003003
14.984007,3.914878,4,1000685,Variety-26_a,-0.46741392425714534,246,0.4865611549311831,0.0
14.97513,3.9200194,4,1000499,Variety-26_a,-1.5193285115020934,424,0.5178223386739003,0.001001001001001001
14.867264,4.0574365,4,1000454,Variety-22,-1.8357944556996095,377,0.49778984476858873,0.0
14.310771,4.5120807,4,1000272,Variety-22,-3.6149394470308627,548,0.4831117635559079,0.001001001001001001
14.033219,4.6683817,4,1000393,Variety-26_a,-4.781683572876512,660,0.4990056116665192,0.001001001001001001
13.829394,4.6308217,4,1000802,Variety-26_a,-4.4670218663560695,682,0.49002804181892085,0.002002002002002002
15.780528,3.2673936,4,1000177,Variety-22,0.8768368537407255,7,0.5385468043550762,0.006006006006006006
15.660155,3.3128884,4,1000171,Variety-22,1.0,7,0.5459885742792769,0.007007007007007007
15.827347,3.2805367,4,1000419,Variety-22,0.4878861595822047,28,0.5028386837013183,0.006006006006006006
15.5954895,3.3483055,4,1000661,Variety-22,0.2603339457817597,40,0.5754368096355342,0.007007007007007007
14.448895,4.3514132,4,1000273,Variety-26_a,-4.046845069814896,376,0.4950885676571213,0.002002002002002002
15.1776705,3.7387946,4,1000065,Variety-26_a,1.0,109,0.5345443633578204,0.006006006006006006
15.97923,3.8048654,4,1000127,Variety-26_a,-3.0517906912652597,187,0.49335403772080894,0.001001001001001001
15.436195,3.3814497,4,1000386,Variety-22,-0.7759551035401218,289,0.483847959676825,0.002002002002002002
14.843979,4.0652947,4,1000297,Variety-26_a,-3.018534255593763,376,0.5060417360952084,0.001001001001001001
14.791051,3.9288595,4,1000343,Variety-26_a,-1.9395852545487187,372,0.4867595958232329,0.0
14.783584,4.11492,4,1000346,Variety-26_a,-1.7131674734717803,451,0.4919168272159283,0.0
14.106228,4.6218247,4,1000486,Variety-26_a,-4.744547075807021,593,0.5124264144948211,0.0
14.076531,4.528848,4,1000853,Variety-22,-4.249474733079213,626,0.48787553252911176,0.014014014014014014
14.54385,4.3149343,4,1000720,Variety-22,-2.0241283666791277,627,0.502907879063651,0.0
11.335649,4.849502,4,1000057,Variety-23,1.0,195,0.4664683032635428,0.009009009009009009
11.270775,4.8516912,4,1000056,Variety-23,1.0,199,0.49309232260354185,0.009009009009009009
10.767405,4.1590242,4,1000059,Variety-24,1.0,40,0.5053263003671272,0.013013013013013013
10.732404,4.1379633,4,1000058,Variety-24,1.0,73,0.4797920795961727,0.02002002002002002
10.728319,4.1787996,4,1000310,Variety-41,1.0,235,0.528911827121479,0.007007007007007007
11.340961,4.507256,4,1000061,Variety-25,1.0,395,0.4838509991301131,0.01901901901901902
11.373401,4.4960337,4,1000060,Variety-25,1.0,400,0.48847774240049313,0.008008008008008008
10.902838,4.448619,4,1000130,Variety-28,1.0,26,0.5055546635117327,0.013013013013013013
10.915321,4.460366,4,1000132,Variety-28,1.0,44,0.3837354940050877,0.011011011011011011
10.952962,4.4935155,4,1000233,Variety-28,-0.8264270543590664,64,0.5319527829920114,0.012012012012012012
8.663217,4.327871,4,1000218,Variety-16,-11.119656477840676,277,0.5019927809814959,0.003003003003003003
11.483655,4.0175557,4,1000216,Variety-5,-4.177614450344668,508,0.4560690412835974,0.006006006006006006
8.832448,4.5156775,4,1000437,Variety-11,-10.367667549758714,345,0.5237392374299633,0.004004004004004004
8.868068,4.483746,4,1000303,Variety-2,-8.952846456915326,385,0.5097943063797834,0.014014014014014014
8.837187,4.505967,4,1000305,Variety-2,-8.790638945784664,404,0.5137879007160251,0.005005005005005005
8.870026,4.509514,4,1000568,Variety-11,-10.002704476707311,385,0.5223813038779218,0.002002002002002002
10.226126,2.0523531,4,1000107,Variety-2,-13.124755556579103,298,0.5366677296939786,0.005005005005005005
10.256407,2.2146263,4,1000538,Variety-2,-11.81941066568353,431,0.49389549343650485,0.002002002002002002
10.141273,1.9718589,4,1000356,Variety-19,-12.783870010878518,432,0.4906897715950354,0.001001001001001001
10.416737,1.9839734,4,1000699,Variety-2,-12.734153596428863,469,0.4623834084401982,0.01001001001001001
10.265449,1.6459323,4,1000763,Variety-2,-14.513736136506497,19,0.5795228289194391,0.021021021021021023
10.301238,1.9936862,4,1000106,Variety-4,-13.261002810186435,211,0.4919681934167215,0.006006006006006006
10.490781,2.0681565,4,1000462,Variety-19,-13.248613545789649,382,0.4340837134540876,0.009009009009009009
10.293524,2.306582,4,1000754,Variety-2,-12.00378873275477,447,0.5134913248759728,0.002002002002002002
10.3984585,1.8221245,4,1000340,Variety-19,-13.662608930838326,324,0.4296876249698703,0.009009009009009009
10.364328,2.0074666,4,1000722,Variety-19,-12.738567469472143,464,0.5122382405349251,0.003003003003003003
10.242487,1.6295398,4,1000379,Variety-2,-14.51698706602198,18,0.5064648465253683,0.024024024024024024
10.280219,1.8787434,4,1000110,Variety-2,-13.387298606448196,256,0.4872438227237425,0.006006006006006006
10.20695,1.7311705,4,1000374,Variety-19,-13.746977738034321,250,0.47924387391727147,0.006006006006006006
10.253986,1.8279535,4,1000549,Variety-2,-13.00856112702954,381,0.4844473517660323,0.006006006006006006
10.230955,2.2178488,4,1000325,Variety-2,-12.298250180785107,488,0.5004235441657959,0.002002002002002002
10.509076,2.0697167,4,1000508,Variety-4,-12.713949241838211,506,0.4614541495588651,0.001001001001001001
10.241986,1.6355224,4,1000759,Variety-2,-14.581083951854986,15,0.4567337043749839,0.01701701701701702
10.227556,1.6328914,4,1000102,Variety-2,-13.793952311083968,182,0.4703130878788114,0.009009009009009009
10.299009,2.2108443,4,1000573,Variety-2,-12.33439817631478,340,0.4981349477629458,0.005005005005005005
10.613701,2.1814406,4,1000133,Variety-4,-12.194827440844055,560,0.49785676741064333,0.002002002002002002
10.531769,2.0009313,4,1000365,Variety-4,-13.18073222987227,383,0.4432790230195098,0.002002002002002002
10.322225,2.285422,4,1000307,Variety-2,-11.810347920545107,539,0.4956413645389447,0.003003003003003003
10.241675,1.6348261,4,1000761,Variety-2,-14.618778908223588,14,0.44127112755956166,0.01701701701701702
10.226559,1.7152327,4,1000504,Variety-2,-13.728895597637786,235,0.4613399585703263,0.005005005005005005
10.213854,1.6728817,4,1000397,Variety-4,-14.01884246041713,297,0.45934324987083186,0.007007007007007007
10.138955,1.6433904,4,1000331,Variety-4,-13.68459224842776,310,0.47476332798303006,0.011011011011011011
10.341315,2.0581648,4,1000638,Variety-2,-12.796942931877222,418,0.4791425524833574,0.006006006006006006
10.466077,2.0263238,4,1000636,Variety-2,-12.68816674569358,506,0.46357216012395513,0.002002002002002002
10.19039,1.7712631,4,1000450,Variety-19,-13.825111372343791,117,0.5049145824979825,0.01001001001001001
10.5887165,2.06693,4,1000268,Variety-4,-12.570132404564857,443,0.48990138911982545,0.003003003003003003
10.296012,2.2912405,4,1000104,Variety-2,-11.597078477567194,461,0.514721827584039,0.001001001001001001
10.282909,1.7781073,4,1000531,Variety-2,-13.344746733299727,341,0.47815594554089186,0.0
10.209716,1.9719511,4,1000333,Variety-2,-12.903992536369842,406,0.5105850053180644,0.005005005005005005
10.289922,2.2974722,4,1000148,Variety-2,-11.76751592384309,560,0.4987998978203243,0.005005005005005005
10.568905,4.194241,4,1000245,Variety-4,-12.70227107323171,489,0.48924763908815316,0.007007007007007007
11.292709,4.8421535,4,1000086,Variety-40,1.0,460,0.4687194721467025,0.002002002002002002
11.297938,4.8827376,4,1000085,Variety-40,1.0,477,0.4719137492474229,0.003003003003003003
12.431301,4.811189,4,1000078,Variety-41,1.0,376,0.512335861507229,0.03803803803803804
12.34728,4.8152466,4,1000077,Variety-41,1.0,433,0.5092186470456411,0.006006006006006006
10.2711315,4.156802,4,1000103,Variety-2,-10.34847153741417,794,0.5077436879035787,0.004004004004004004
13.36635,4.515913,4,1000164,Variety-14,-9.835475922968413,690,0.5062008287939984,0.001001001001001001
13.772415,4.6993856,4,1000501,Variety-14,-8.223954691310434,478,0.4899051040749825,0.002002002002002002
13.024038,4.6490297,4,1000509,Variety-14,-6.456721450779735,801,0.5162331230791394,0.0
12.866868,4.647679,4,1000513,Variety-14,-7.035186838880788,460,0.48799598886400314,0.004004004004004004
10.515932,4.2526417,4,1000517,Variety-14,-9.942157598707736,789,0.5116367075925318,0.01001001001001001
10.626799,3.5103233,4,1000518,Variety-19,-13.761010818939722,216,0.5075179660200843,0.001001001001001001
8.576416,3.8257177,4,1000523,Variety-16,-12.440317997764511,19,0.4720984706649723,0.009009009009009009
8.631599,3.8753166,4,1000547,Variety-16,-12.07162300306677,116,0.4132179779555217,0.001001001001001001
13.624275,4.7184286,4,1000529,Variety-26_a,-5.504570735519298,670,0.4840855972935162,0.002002002002002002
10.658271,2.3937006,4,1000534,Variety-4,-11.82185859952296,575,0.5259973783140278,0.001001001001001001
11.594468,4.8445354,4,1000536,Variety-14,-8.381325729612024,680,0.49370755035517994,0.001001001001001001
13.110924,5.280713,4,1000384,Variety-26_a,-6.48259320608662,404,0.48291483228975884,0.001001001001001001
13.113228,5.28007,4,1000166,Variety-14,-7.639495258419652,468,0.4912913863873011,0.002002002002002002
13.125285,5.2186975,4,1000336,Variety-14,-6.959361432095173,549,0.5005275973428089,0.002002002002002002
12.873355,5.4180837,4,1000695,Variety-14,-8.508691333787429,656,0.49197028705625656,0.0
13.222893,5.093665,4,1000196,Variety-26_a,-6.379976141837886,632,0.48956063549231427,0.004004004004004004
13.078063,5.291474,4,1000377,Variety-22,-7.591670024584586,400,0.4893924114503193,0.0
12.984804,4.4330654,4,1000540,Variety-14,-8.408194340641922,558,0.4721884219234498,0.002002002002002002
12.790013,4.816323,4,1000557,Variety-14,-7.9343085948501635,640,0.4627752021035899,0.001001001001001001
13.6301565,4.974406,4,1000561,Variety-14,-8.905520178417778,372,0.5053873175751467,0.002002002002002002
9.763509,4.1250224,4,1000562,Variety-2,-11.230334080638784,476,0.4954274088870023,0.005005005005005005
10.0768795,3.969318,4,1000569,Variety-4,-11.536156020669576,571,0.49965321270251134,0.006006006006006006
11.10206,4.031832,4,1000579,Variety-14,-12.38548533011139,418,0.4917729698612447,0.006006006006006006
10.871162,4.051507,4,1000586,Variety-5,-11.588506668505234,500,0.5020179417782749,0.006006006006006006
9.758882,4.1194496,4,1000609,Variety-2,-11.561856018196098,603,0.5115857324322796,0.005005005005005005
14.411313,4.374113,4,1000382,Variety-26_a,-4.451046549525363,390,0.5006114266593646,0.006006006006006006
14.298603,4.375748,4,1000168,Variety-26_a,-6.220777979468865,496,0.5010341071233232,0.001001001001001001
11.703886,4.6685133,4,1000612,Variety-14,-7.710588326171978,647,0.49522385503804084,0.001001001001001001
10.276251,2.563743,4,1000617,Variety-2,-11.554175140584126,556,0.4861800027202792,0.06106106106106106
8.507435,4.544001,4,1000623,Variety-11,-5.268340597569992,445,0.45783284314732964,0.001001001001001001
12.5457325,5.7446036,4,1000644,Variety-41,-11.105401375265231,427,0.5042917073372353,0.0
12.544982,5.7111506,4,1000643,Variety-41,-10.552980175762217,473,0.5117866325942128,0.0
12.580987,5.608877,4,1000854,Variety-14,-9.009176813145856,555,0.49922459556276017,0.001001001001001001
12.564565,5.7125883,4,1000925,Variety-14,-10.633583003609687,537,0.517613438323832,0.0
12.58347,5.6435356,4,1000944,Variety-14,-9.518412254419601,604,0.5055429715554964,0.002002002002002002
14.074573,4.6843095,4,1000658,Variety-26_a,-8.131314746306527,382,0.5136023643525186,0.006006006006006006
12.976997,5.2907085,4,1000671,Variety-14,-7.472420234884112,659,0.5021715666972284,0.013013013013013013
8.929098,4.5178385,4,1000673,Variety-2,-7.9422418326358795,309,0.4992514024044355,0.06906906906906907
10.4710865,2.1841617,4,1000677,Variety-19,-12.646587597626276,412,0.49234785173303147,0.028028028028028028
8.783685,3.9151525,4,1000191,Variety-16,-10.943297863335385,541,0.5069877540384135,0.001001001001001001
12.950611,5.2368727,4,1000726,Variety-14,-8.11352930686649,636,0.49854921753372267,0.008008008008008008
12.938636,5.302699,4,1000679,Variety-14,-8.053884069301915,659,0.5057108411756124,0.005005005005005005
10.262077,3.2545977,4,1000683,Variety-2,-10.212993055471797,555,0.5074262458693791,0.002002002002002002
12.537702,5.6150193,4,1000686,Variety-14,-9.75870641260133,595,0.5042573747427896,0.0
12.685379,5.711224,4,1000691,Variety-14,-9.86953896141137,526,0.5245263092669431,0.002002002002002002
12.879265,5.0620747,4,1000696,Variety-14,-10.084593152531308,590,0.4709274399452234,0.001001001001001001
9.009314,4.340357,4,1000704,Variety-11,-9.22291104523701,601,0.5029968906570182,0.0
11.746001,4.9333625,4,1000709,Variety-14,-10.167405172794943,595,0.4942232576821956,0.08608608608608609
12.961984,4.5146203,4,1000732,Variety-14,-6.7381561068182245,750,0.49415686351282456,0.0
12.967466,4.3694215,4,1000734,Variety-14,-8.908564501305289,495,0.46983657476696145,0.002002002002002002
15.297564,3.9581203,4,1000193,Variety-26_a,-5.424152827410528,142,0.488361750669094,0.006006006006006006
11.53766,4.4590235,4,1000736,Variety-14,-8.460300322183208,692,0.49285020644315497,0.0
13.072282,4.352125,4,1000738,Variety-14,-9.243794965314128,115,0.47804603221395087,0.005005005005005005
9.387138,4.0299635,4,1000748,Variety-41,-11.147859053713916,524,0.4886978923422973,0.002002002002002002
10.902598,4.31449,4,1000767,Variety-14,-9.494212229461812,687,0.5039764393793261,0.0
10.4773655,4.1875596,4,1000778,Variety-14,-11.66157150415277,548,0.48403196284146865,0.005005005005005005
8.639249,3.8832514,4,1001003,Variety-2,-11.350643016069075,266,0.40642610055025136,0.012012012012012012
8.692013,3.8480337,4,1000783,Variety-2,-11.40587421071404,281,0.3879715515432096,0.007007007007007007
11.556095,4.094363,4,1000814,Variety-5,-11.247162506296597,234,0.49234656649694925,0.004004004004004004
8.340647,4.7145157,4,1000821,Variety-11,-7.8326107686679745,279,0.5140291964395625,0.001001001001001001
13.401313,4.5401225,4,1000200,Variety-14,-10.115930512660226,566,0.49789305142388285,0.002002002002002002
11.623717,5.0320325,4,1000850,Variety-14,-9.483276824946348,558,0.4879375595357459,0.0
8.591454,4.4531245,4,1000851,Variety-16,-8.85169568178931,105,0.5350748990355874,0.006006006006006006
11.442492,4.695141,4,1000865,Variety-14,-8.733067851188947,694,0.5124693432895181,0.001001001001001001
12.991612,4.936116,4,1000872,Variety-14,-6.4967597635915855,614,0.49034297035204566,0.001001001001001001
12.966256,4.619945,4,1000885,Variety-14,-6.50199015204722,773,0.5179314194276138,0.0
12.7720175,5.1539545,4,1000915,Variety-14,-12.279292298307109,596,0.5100524771426865,0.008008008008008008
10.908271,4.017596,4,1000918,Variety-14,-12.674305643943907,306,0.5324587672803491,0.012012012012012012
11.387114,4.605089,4,1000934,Variety-14,-9.683228677099285,547,0.50648872210752,0.002002002002002002
13.263941,4.764507,4,1000949,Variety-14,-7.664843519659922,350,0.488524270845344,0.002002002002002002
13.099694,5.191407,4,1000215,Variety-14,-8.853395136423144,472,0.4861757741053707,0.002002002002002002
12.688881,5.3871837,4,1000952,Variety-14,-8.748678870777047,528,0.49791609270622433,0.0
14.188359,4.4709635,4,1000975,Variety-22,-9.417240877761843,401,0.507977131135774,0.002002002002002002
15.062753,0.93816614,5,1000997,Variety-43,,506,0.4901443408761407,0.009009009009009009
14.845995,4.0766053,4,1001007,Variety-22,-6.499132987524009,184,0.5008593553365028,0.005005005005005005
13.015063,4.7747526,4,1001011,Variety-14,-7.4082252841787,579,0.5087419137595242,0.001001001001001001
14.917757,1.1027796,5,1001019,Variety-43,,303,0.4777169644904864,0.005005005005005005
13.299145,4.700523,4,1000223,Variety-41,-9.742170523617517,524,0.4869593112274565,0.004004004004004004
13.794844,4.275257,4,1000237,Variety-14,-8.171746669538136,532,0.4870439135218364,0.001001001001001001
15.329567,0.670829,5,1001009,Variety-43,,80,0.48990612157621155,0.014014014014014014
15.277783,0.7221401,5,1001017,Variety-43,,212,0.42977788922471705,0.009009009009009009
15.172639,0.83560514,5,1000996,Variety-43,,302,0.46837936240096967,0.004004004004004004
15.382219,0.6362538,5,1000302,Variety-43,,11,0.5016513347763348,0.013013013013013013
15.245959,0.7573124,5,1000131,Variety-43,,162,0.4658915254801932,0.012012012012012012
15.227492,0.7787759,5,1000322,Variety-43,,193,0.4882599036176045,0.004004004004004004
15.110293,0.8971989,5,1000983,Variety-43,,369,0.48557328071292544,0.004004004004004004
15.301852,0.6979781,5,1001012,Variety-43,,12,0.4202912047007525,0.018018018018018018
15.344057,0.6548934,5,1000406,Variety-43,,14,0.4884267502972344,0.002002002002002002
14.947591,1.0920095,5,1000507,Variety-43,,396,0.4816656815257996,0.001001001001001001
15.202241,0.798756,5,1000583,Variety-43,,466,0.45392448742845803,0.001001001001001001
15.2825365,0.7164771,5,1000992,Variety-43,,28,0.4331206712741608,0.01701701701701702
14.876262,1.1535524,5,1000335,Variety-43,,333,0.47229288808499026,0.0
15.234197,0.7666209,5,1000194,Variety-43,,181,0.45379682550009365,0.001001001001001001
14.893882,1.1260179,5,1000338,Variety-43,,563,0.4660991831139501,0.0
15.337865,0.66053474,5,1000125,Variety-43,,59,0.4476050611249313,0.016016016016016016
14.90471,1.1191533,5,1000111,Variety-43,,328,0.47518929332776527,0.001001001001001001
15.312157,0.68835044,5,1000897,Variety-43,,256,0.49121998390704286,0.008008008008008008
14.941552,1.0751499,5,1000301,Variety-43,,518,0.4725928463108147,0.001001001001001001
14.809832,1.2392595,5,1000219,Variety-43,,333,0.4885107680946662,0.004004004004004004
14.860626,1.1568642,5,1000998,Variety-43,,394,0.48405204247094835,0.002002002002002002
15.191982,0.81633973,5,1000152,Variety-43,,312,0.4640674355621807,0.001001001001001001
14.996989,1.0158377,5,1000361,Variety-43,,575,0.4739911445681517,0.0
9.569716,4.0930367,4,1000271,Variety-11,-8.919532742119573,700,0.511583425214688,0.0
13.227979,4.7404685,4,1000274,Variety-14,-7.272668308677391,556,0.47538534327797355,0.0
10.25903,2.5647802,4,1000276,Variety-2,-11.790462462859345,502,0.5011442593909614,0.002002002002002002
13.649255,4.9160814,4,1000277,Variety-14,-9.57956557210185,377,0.5091550546534223,0.003003003003003003
13.151736,4.8806233,4,1000283,Variety-14,-5.5309748581518425,573,0.4795060231868578,0.001001001001001001
10.324047,2.9394639,4,1000535,Variety-3,-13.762000096222703,381,0.47496639705940663,0.001001001001001001
10.354804,2.8696263,4,1000284,Variety-3,-13.711871774119958,225,0.49306581653955606,0.002002002002002002
10.592655,4.2441297,4,1000344,Variety-41,-15.387844151180694,22,0.5154909081492424,0.022022022022022022
10.645342,4.1888094,4,1000289,Variety-41,-15.268078434946986,24,0.4860179578829746,0.008008008008008008
13.840243,4.8848376,4,1000290,Variety-26_a,-6.818755566018553,665,0.4864727176334799,0.0
10.306236,2.5190413,4,1000293,Variety-4,-14.21355797130588,173,0.4857653975503069,0.009009009009009009
10.41008,2.622332,4,1000525,Variety-4,-14.195089496040811,247,0.41341384770489253,0.003003003003003003
8.912551,4.4784403,4,1000295,Variety-2,-7.6131006833318455,360,0.49544704061627515,0.006006006006006006
9.055582,4.480617,4,1000566,Variety-2,-7.831275471785004,483,0.500737029481123,0.006006006006006006
12.258275,4.696792,4,1000300,Variety-41,-9.739164413439669,607,0.48610053196321257,0.003003003003003003
7.543699,8.955411,6,1000304,Genetic entity 6,,572,0.5099059986459186,0.11811811811811812
9.673141,4.153837,4,1000306,Variety-2,-10.465909778886058,540,0.5036490736665381,0.003003003003003003
8.604531,3.84492,4,1000309,Variety-16,-11.884082396220279,14,0.40153415229795636,0.016016016016016016
14.960588,1.0547308,5,1000311,Variety-43,,443,0.4918965702462419,0.0
12.835302,4.9038157,4,1000314,Variety-14,-6.943869200131879,575,0.48264980020632037,0.0
8.95641,4.5208087,4,1000317,Variety-2,-8.471149691472764,573,0.5237900289128258,0.001001001001001001
12.333223,4.458182,4,1000551,Variety-14,-11.712959096401557,544,0.5065520893148046,0.003003003003003003
12.339456,4.39843,4,1000321,Variety-5,-13.770786866395836,25,0.5930318264591732,0.013013013013013013
12.324899,4.4478154,4,1000412,Variety-14,-13.224869377537866,343,0.48635752304830315,0.002002002002002002
12.331812,4.441788,4,1000653,Variety-14,-11.365674654620795,468,0.4927376388525598,0.002002002002002002
10.558765,4.3562837,4,1000118,Variety-14,-10.05913409596464,782,0.50335620765412,0.005005005005005005
13.874036,4.5318747,4,1000323,Variety-26_a,-5.288540978926322,607,0.4881498594818407,0.004004004004004004
13.92235,4.461528,4,1000328,Variety-22,-6.571286378173948,371,0.5010914030440442,0.004004004004004004
13.782121,4.5244737,4,1000368,Variety-22,-6.767861771707305,547,0.5047285209338951,0.002002002002002002
10.901058,3.2968671,4,1000329,Variety-14,-7.895328934969877,607,0.48004875371634614,0.0
12.223218,4.7893753,4,1000345,Variety-41,-11.030135036162216,310,0.47912008188349064,0.003003003003003003
13.680392,4.4368687,4,1000348,Variety-14,-8.109708361760253,500,0.49860091778276594,0.002002002002002002
10.616346,3.7383041,4,1000350,Variety-19,-12.419293416798217,239,0.49724250080155286,0.006006006006006006
10.779555,3.3586152,4,1000352,Variety-14,-11.02479535794816,615,0.49239646253336494,0.002002002002002002
13.850088,4.4871755,4,1000354,Variety-14,-7.132279513585818,534,0.5055181474767148,0.0
10.807302,3.3543203,4,1000358,Variety-19,-11.613212811579066,595,0.47947654230392484,0.001001001001001001
9.130779,4.127443,4,1000360,Variety-2,-13.55976175346778,8,0.6870100594661666,0.015015015015015015
9.20884,4.1455646,4,1000405,Variety-2,-11.90599691685789,384,0.5129068083331342,0.002002002002002002
13.910657,4.2255836,4,1000362,Variety-14,-8.483364174698215,388,0.4954792352130766,0.0
13.829785,4.2348576,4,1000887,Variety-14,-9.525330281093312,365,0.49636654236863187,0.002002002002002002
13.0265255,4.2478,4,1000363,Variety-14,-7.599481119332541,369,0.4985855021080368,0.002002002002002002
14.614169,4.412682,4,1000364,Variety-26_a,-5.6286663730930995,236,0.49757989658358637,0.001001001001001001
12.54919,4.6649966,4,1000366,Variety-14,-6.368189449399251,618,0.48210341659844497,0.001001001001001001
10.5441885,3.5118425,4,1000370,Variety-19,-12.33273032213128,379,0.4987742317358874,0.001001001001001001
10.79497,4.0978513,4,1000375,Variety-14,-9.702326570949973,767,0.5095789663446731,0.008008008008008008
13.823866,4.6166024,4,1000376,Variety-14,-5.505874242950159,374,0.4887131128661576,0.003003003003003003
10.910604,3.704712,4,1000381,Variety-8,-10.671935534719344,467,0.516397247147946,0.002002002002002002
8.300988,4.775585,4,1000855,Variety-11,-6.495997411053035,167,0.4266798743430379,0.007007007007007007
8.309878,4.750338,4,1000119,Variety-11,-6.617220649011032,367,0.44216980896774244,0.004004004004004004
8.321351,4.7262893,4,1000522,Variety-11,-6.544598073549796,449,0.4672527823530684,0.001001001001001001
8.286367,4.772983,4,1000825,Variety-11,-6.671061131820794,76,0.5095970165561317,0.008008008008008008
10.547788,1.9831411,4,1000390,Variety-16,-11.885537526519968,456,0.4572298649295989,0.005005005005005005
12.193221,4.81061,4,1000391,Variety-41,-11.424709002718359,67,0.4853029319439573,0.002002002002002002
11.283194,3.9758928,4,1000660,Variety-5,-11.794046897979582,369,0.4989142281056834,0.0
11.2247095,3.9525924,4,1000392,Variety-5,-12.64130512677306,494,0.4780479224465339,0.0
11.28507,3.9696844,4,1000675,Variety-5,-11.658380393346066,380,0.5066310572450297,0.005005005005005005
13.673158,4.4857407,4,1000395,Variety-14,-6.915002672395547,672,0.4826220748164982,0.001001001001001001
10.702109,3.9760618,4,1000400,Variety-14,-9.844432052114303,771,0.5087149037509198,0.003003003003003003
10.712771,4.1033072,4,1000417,Variety-14,-9.579282845486448,793,0.5130111233738603,0.005005005005005005
10.65288,4.1019535,4,1000398,Variety-14,-9.468772767309533,783,0.5046885700523962,0.001001001001001001
10.904008,3.2333245,4,1000456,Variety-14,-13.321883354924237,192,0.49092163065357947,0.005005005005005005
10.902066,3.2601173,4,1000401,Variety-14,-14.010210268848779,162,0.45578433910101857,0.003003003003003003
10.868287,3.2639196,4,1000421,Variety-14,-13.846031667166635,191,0.4203318635465747,0.009009009009009009
10.907746,3.2094553,4,1000425,Variety-14,-13.117504759852439,281,0.471934291935203,0.003003003003003003
10.743459,4.1798472,4,1000402,Variety-14,-9.503580073174318,773,0.49678138393206117,0.006006006006006006
13.541581,4.6477804,4,1000403,Variety-14,-7.715561454842016,624,0.4958053178925269,0.0
10.338014,2.2911742,4,1000123,Variety-4,-12.018730145817008,11,0.4615309244795696,0.013013013013013013
14.038105,4.6714,4,1000410,Variety-26_a,-6.0030060874775,608,0.48795054384890973,0.0
10.985899,4.422466,4,1000411,Variety-14,-9.42995935245782,752,0.4999705625843932,0.003003003003003003
9.800685,4.0589843,4,1000414,Variety-2,-10.832017522251022,478,0.5055802649479904,0.001001001001001001
9.796317,4.113034,4,1000578,Variety-2,-10.301166368183377,647,0.5132072013418877,0.003003003003003003
9.793579,4.093809,4,1000527,Variety-2,-10.346909559647967,692,0.5080711630484139,0.001001001001001001
10.606139,4.268342,4,1000422,Variety-14,-9.633925759505642,814,0.5038749322962529,0.004004004004004004
11.099732,4.0389504,4,1000423,Variety-41,-13.260132450564324,141,0.47136620177445954,0.001001001001001001
10.511061,3.6831791,4,1000427,Variety-2,-12.228448753044077,370,0.5038616575536613,0.0
10.479511,3.4657252,4,1000431,Variety-8,-13.533689223368308,182,0.5026665448318032,0.013013013013013013
10.334579,4.0859556,4,1000433,Variety-14,-12.28011063444008,567,0.4652171432648156,0.001001001001001001
9.665194,4.161396,4,1000434,Variety-16,-11.34301259980124,402,0.5003124448666034,0.003003003003003003
11.048477,3.991753,4,1000436,Variety-14,-9.554429786808022,533,0.46434829785593684,0.001001001001001001
10.662016,2.2157989,4,1000438,Variety-4,-12.976041063926454,400,0.5032415384691951,0.007007007007007007
9.05776,4.3339086,4,1000919,Variety-2,-10.545869977665122,432,0.5242644192372832,0.011011011011011011
9.019975,4.3813534,4,1000905,Variety-2,-10.524144388109006,192,0.5108456393716914,0.011011011011011011
8.948182,4.3957667,4,1000961,Variety-11,-9.764197596672048,196,0.4846326157798173,0.015015015015015015
9.056881,4.368178,4,1000532,Variety-2,-12.339366287573787,7,0.4871877080486352,0.009009009009009009
9.031078,4.3568373,4,1000440,Variety-2,-12.295852441196525,10,0.4807480397851582,0.009009009009009009
10.37196,2.4232302,4,1000442,Variety-4,-11.431753828678326,701,0.4880157978835903,0.0
10.617424,3.0231879,4,1000444,Variety-19,-11.252407338819319,537,0.5158902484736372,0.002002002002002002
12.801863,4.99156,4,1000446,Variety-14,-7.437639281829018,697,0.4929202833735952,0.0
10.908351,3.7133677,4,1000452,Variety-8,-12.286908911440724,64,0.5401597153351453,0.011011011011011011
10.249937,2.7056756,4,1000465,Variety-3,-11.707604608939597,549,0.4922505986608347,0.001001001001001001
13.772189,4.4618053,4,1000471,Variety-14,-7.796861546383175,377,0.49430458553387374,0.001001001001001001
8.650537,3.9180439,4,1000870,Variety-16,-9.663805088572083,291,0.5113512613621205,0.009009009009009009
8.635842,3.869069,4,1000995,Variety-16,-11.553040130898665,40,0.5215243158072947,0.016016016016016016
8.935875,3.9825609,4,1000204,Variety-2,-10.714373094246916,566,0.49983078830901656,0.001001001001001001
8.646226,3.897629,4,1000150,Variety-16,-10.400043713112481,187,0.49355851360648995,0.008008008008008008
8.701197,3.9220302,4,1000254,Variety-16,-10.61006727574211,406,0.5363825928058166,0.005005005005005005
8.663236,3.9145432,4,1000780,Variety-16,-9.698875540175917,274,0.521742299932236,0.006006006006006006
8.826109,3.9998055,4,1000149,Variety-2,-10.511312003223182,500,0.5059136968247792,0.001001001001001001
8.674791,3.9349372,4,1000795,Variety-16,-9.84319400400046,319,0.5119145128222801,0.031031031031031032
15.010493,1.0001599,5,1000472,Variety-43,,648,0.46121366226976307,0.003003003003003003
15.022164,0.98530436,5,1000520,Variety-43,,656,0.46752072367349495,0.001001001001001001
10.595968,3.635199,4,1000473,Variety-14,-11.538883722183396,586,0.5074436717489175,0.001001001001001001
13.61102,4.3547835,4,1000477,Variety-2,-10.578513210623688,481,0.5078610008156716,0.003003003003003003
11.1109705,4.0458064,4,1000481,Variety-41,-12.10273844599518,473,0.4940795512062451,0.001001001001001001
11.237882,3.9756227,4,1000482,Variety-5,-7.707492010406588,621,0.4973686310072774,0.001001001001001001
12.922856,4.730903,4,1000485,Variety-14,-4.392258508089796,695,0.5058186900441942,0.0
11.393032,4.5623045,4,1000487,Variety-14,-10.595934576626329,621,0.4851672600155165,0.0
8.885598,4.581391,4,1000491,Variety-2,-7.623516629648174,114,0.46234712787504273,0.009009009009009009
14.157355,4.6056046,4,1000495,Variety-26_a,-5.079992624587328,440,0.5043660053470974,0.001001001001001001
6.643798,-0.37199473,7,1000073,Variety-9,1.0,9,0.3957144904344112,0.01001001001001001
6.654917,-0.36930692,7,1000072,Variety-9,1.0,11,0.36248531177702725,0.01001001001001001
6.6451964,-0.36923283,7,1000021,Variety-10,1.0,13,0.4722109938414328,0.011011011011011011
6.646176,-0.37689218,7,1000020,Variety-10,1.0,12,0.47133574880629164,0.011011011011011011
6.6293674,-0.38355127,7,1000027,Variety-13,1.0,43,0.5096073128976922,0.008008008008008008
6.5705953,-0.4379734,7,1000026,Variety-13,1.0,84,0.5597228936357691,0.014014014014014014
4.935428,-1.2444907,7,1000042,Variety-27,1.0,17,0.5977005209746089,0.016016016016016016
5.0004873,-1.23603,7,1000167,Variety-27,1.0,16,0.6185846115395843,0.01701701701701702
4.9918876,-1.2583578,7,1000155,Variety-27,1.0,14,0.6211275529326109,0.01701701701701702
4.876055,-1.2898772,7,1000190,Variety-26_b,1.0,13,0.5806673039818442,0.012012012012012012
4.915194,-1.2920651,7,1000169,Variety-27,1.0,13,0.6116160772976351,0.015015015015015015
4.9323215,-1.2221509,7,1000153,Variety-27,1.0,14,0.6280926429271629,0.015015015015015015
4.9652395,-1.300991,7,1000192,Variety-26_b,1.0,16,0.5773028529409719,0.016016016016016016
4.9574046,-1.2547218,7,1000041,Variety-27,1.0,16,0.6476943549595346,0.013013013013013013
5.042376,-1.2059159,7,1000076,Variety-27,0.2990116054937938,17,0.5124200897538859,0.018018018018018018
5.0503087,-1.1893516,7,1000070,Variety-27,0.28376165060256753,20,0.5653975876583036,0.016016016016016016
5.0762343,-1.1677996,7,1000029,Variety-27,0.1908102474103971,17,0.669235917433781,0.015015015015015015
4.9756317,-1.331281,7,1000075,Variety-27,-0.08019743234169385,19,0.6073211170787465,0.018018018018018018
4.9442573,-1.2646672,7,1000069,Variety-27,0.23063454996468602,22,0.5388218754228883,0.028028028028028028
5.060396,-1.1900028,7,1000028,Variety-27,0.11393310144056146,23,0.6378870442200906,0.016016016016016016
5.093766,-1.1675558,7,1000068,Variety-30_a,1.0,24,0.5047535615333202,0.01701701701701702
5.0802646,-1.1799382,7,1000067,Variety-30_a,1.0,26,0.5379852830902903,0.016016016016016016
4.9321866,-1.2876995,7,1000224,Variety-27,1.0,15,0.4200926938629054,0.008008008008008008
4.9615974,-1.2919104,7,1000222,Variety-27,1.0,25,0.4900551720762297,0.01701701701701702
5.2123747,-1.0719368,7,1000616,Variety-27,-1.2511692309336682,174,0.5028901776784916,0.009009009009009009
5.2797475,-1.0228145,7,1000621,Variety-30_a,-2.318275478107888,293,0.49443018517549536,0.001001001001001001
5.519245,-0.8120279,7,1000516,Variety-30_a,-3.846858028899703,342,0.4902654455855526,0.002002002002002002
5.423352,-0.93246543,7,1000665,Variety-30_a,-2.5573844459068535,359,0.44802971644241807,0.001001001001001001
5.588018,-0.78175503,7,1000602,Variety-30_a,-3.032352544883479,436,0.48106635622826216,0.0
5.4668207,-0.89924717,7,1000646,Variety-30_a,-4.346065887130937,476,0.46408067219647486,0.001001001001001001
5.7355223,-0.8352386,7,1000034,Variety-15,1.0,459,0.4742200121495316,0.02702702702702703
5.7626915,-0.81163025,7,1000035,Variety-15,1.0,486,0.478240009613863,0.03403403403403404
5.1328936,-1.1690036,7,1000039,Variety-17,1.0,29,0.5411461042329591,0.023023023023023025
5.0500493,-1.300176,7,1000038,Variety-17,1.0,26,0.45916035313934483,0.012012012012012012
5.5192924,-0.55613816,7,1000251,Variety-21,-1.2033708520732356,241,0.4963630107230067,0.008008008008008008
5.496225,-0.5693801,7,1000250,Variety-21,-1.2263054506151825,239,0.4964396271768047,0.013013013013013013
5.516555,-0.56179947,7,1000047,Variety-21,1.0,255,0.48467146262151667,0.011011011011011011
5.5188875,-0.55930626,7,1000048,Variety-21,1.0,248,0.49897972919596406,0.013013013013013013
6.331244,-1.0100219,7,1000147,Variety-15,-7.139552781902234,348,0.45547955706102267,0.003003003003003003
6.2058063,-0.26229864,7,1000298,Variety-15,-7.08817008946283,611,0.49200060417113173,0.0
6.138087,-0.29320058,7,1000154,Variety-15,-7.46656817593683,629,0.4840129586599683,0.0
5.4406233,-0.90061414,7,1000656,Variety-27,-4.456707462832648,308,0.48902579477634633,0.005005005005005005
5.2192388,-1.059194,7,1000820,Variety-30_a,-7.7634406381238925,13,0.5772344043779428,0.015015015015015015
5.290552,-1.0030953,7,1000672,Variety-30_a,-7.662925323126247,24,0.5466770957942585,0.015015015015015015
5.881236,-0.50903565,7,1000690,Variety-27,-5.743441561347696,552,0.47338272047097096,0.0
5.560723,-0.7834487,7,1000703,Variety-27,-6.556527639242169,463,0.47466183572785453,0.003003003003003003
5.6939054,-0.7008953,7,1000827,Variety-30_a,-7.580111592086606,562,0.4872571765028832,0.002002002002002002
5.9936533,-0.4530164,7,1000886,Variety-30_a,-9.063393133607539,62,0.5663493607702148,0.014014014014014014
6.0598474,-0.40115505,7,1001018,Variety-15,-7.0083156522195456,195,0.49020544516169956,0.007007007007007007
5.949926,-0.4423903,7,1001016,Variety-15,-7.984638627052865,459,0.46114465083111356,0.003003003003003003
6.5990367,-1.4657053,7,1000955,Variety-15,-7.742376573247192,118,0.4801500908301527,0.016016016016016016
6.524066,-1.3982518,7,1000959,Variety-15,-7.769921054875027,159,0.4998694965239974,0.013013013013013013
6.1182284,-0.34041074,7,1000994,Variety-15,-6.889773531951885,462,0.45897952620542926,0.013013013013013013
6.519545,-1.392888,7,1000262,Variety-17,-5.865525861659542,103,0.4876910171366792,0.013013013013013013
6.5613556,-1.4363798,7,1000280,Variety-17,-6.051449610067432,119,0.5149308363500096,0.016016016016016016
6.5215087,-1.4018956,7,1000172,Variety-17,-6.396744831603285,144,0.4434120269614596,0.007007007007007007
6.5118794,-1.3851038,7,1000260,Variety-17,-6.339585793219448,149,0.45374169475436893,0.009009009009009009
6.4968543,-1.3691312,7,1000341,Variety-17,-5.667012164849697,68,0.49585198064546676,0.005005005005005005
6.511124,-1.3852162,7,1000170,Variety-17,-5.210402802719444,105,0.4961670845271905,0.013013013013013013
6.5277658,-1.4051774,7,1000221,Variety-17,-5.718690536278265,139,0.42703036353362794,0.012012012012012012
6.50999,-1.3832716,7,1000319,Variety-17,-5.78853390776212,118,0.43548754811749507,0.002002002002002002
6.118801,-0.42787832,7,1000175,Variety-15,-6.360842889979062,457,0.4786765082739036,0.002002002002002002
5.6054854,-0.69816655,7,1000252,Variety-30_a,-6.555574065780077,482,0.5064283703461215,0.0
6.184324,-0.22941765,7,1000291,Variety-15,-9.013425431502752,576,0.5044274819373408,0.003003003003003003
5.7755685,-0.8485981,7,1000488,Variety-15,-7.631493612486102,349,0.4736076146848244,0.002002002002002002
5.6573715,-0.8635058,7,1000537,Variety-15,-5.911771646915388,334,0.47595697660655056,0.001001001001001001
5.6556315,-0.810087,7,1000559,Variety-15,-5.79502214635568,465,0.49058370195803136,0.001001001001001001
6.1545987,-0.23441488,7,1000648,Variety-15,-8.182476188895464,422,0.5018514844757582,0.004004004004004004
7.928427,14.841742,6,1000923,Genetic entity 6,,5,0.64,0.005005005005005005
7.617822,13.832645,6,1000908,Genetic entity 6,,7,0.42837556616476924,0.006006006006006006
7.842062,14.7898,6,1000888,Genetic entity 6,,5,0.6585846754514397,0.004004004004004004
7.9506326,14.857751,6,1000600,Genetic entity 6,,6,0.5530191413986836,0.005005005005005005
8.013953,14.9112015,6,1000932,Genetic entity 6,,7,0.7198056389574857,0.007007007007007007
7.937688,14.897194,6,1000737,Genetic entity 6,,6,0.698647523928423,0.004004004004004004
7.5574613,14.00636,6,1001005,Genetic entity 6,,5,0.5772357723577236,0.013013013013013013
8.617392,13.501336,6,1000921,Genetic entity 6,,3,0.4722008898640824,0.004004004004004004
8.53235,12.303344,6,1000647,Genetic entity 6,,133,0.5245696957978724,0.007007007007007007
7.856312,14.824275,6,1000900,Genetic entity 6,,8,0.7384963563969649,0.007007007007007007
7.619036,13.536219,6,1000470,Genetic entity 6,,4,0.3654151404151404,0.005005005005005005
7.5591125,9.570803,6,1000266,Genetic entity 6,,368,0.48276495368139594,0.004004004004004004
7.594855,9.630736,6,1000950,Genetic entity 6,,362,0.47896621183635546,0.004004004004004004
8.543475,13.478168,6,1000138,Genetic entity 6,,26,0.5779654565383422,0.014014014014014014
7.8101487,13.139934,6,1000868,Genetic entity 6,,58,0.5687149834863933,0.004004004004004004
8.47109,13.117955,6,1000668,Genetic entity 6,,199,0.5444009713517312,0.0
7.297529,14.1840925,6,1000735,Genetic entity 6,,88,0.5428029232506647,0.005005005005005005
7.8903317,10.246072,6,1000860,Genetic entity 6,,361,0.46938175846185404,0.003003003003003003
8.677462,13.479927,6,1000577,Genetic entity 6,,132,0.4983423291804447,0.003003003003003003
8.921998,13.030224,6,1000799,Genetic entity 6,,168,0.5041259241043858,0.008008008008008008
8.48931,14.000621,6,1000968,Genetic entity 6,,217,0.5322475352376601,0.01001001001001001
8.02702,12.011945,6,1000791,Genetic entity 6,,174,0.4870395251076409,0.006006006006006006
7.345837,11.61369,6,1000962,Genetic entity 6,,203,0.5349788533069146,0.008008008008008008
8.96804,12.888356,6,1000591,Genetic entity 6,,233,0.48876673722853275,0.003003003003003003
8.210409,12.219625,6,1000883,Genetic entity 6,,302,0.5131178138436876,0.002002002002002002
7.975299,10.643855,6,1001001,Genetic entity 6,,348,0.45894342070265276,0.016016016016016016
8.314423,12.574657,6,1000984,Genetic entity 6,,323,0.5556163902002317,0.005005005005005005
8.076104,11.340027,6,1000758,Genetic entity 6,,342,0.4405785774337875,0.001001001001001001
8.481355,12.5475,6,1000217,Genetic entity 6,,347,0.5451075688486309,0.005005005005005005
8.505086,12.078669,6,1000548,Genetic entity 6,,357,0.480457401410065,0.0
8.65628,12.054216,6,1000717,Genetic entity 6,,334,0.5333711391481816,0.0
8.528949,11.731673,6,1000981,Genetic entity 6,,377,0.5150426893272486,0.003003003003003003
7.8618107,10.480316,6,1000805,Genetic entity 6,,465,0.4845234840314692,0.002002002002002002
8.01741,10.938027,6,1000715,Genetic entity 6,,412,0.46986629685701065,0.003003003003003003
8.128975,10.79814,6,1000697,Genetic entity 6,,405,0.44698804829817584,0.002002002002002002
8.854348,11.351247,6,1000476,Genetic entity 6,,496,0.4927050931813188,0.007007007007007007
8.83572,11.368571,6,1000109,Genetic entity 6,,497,0.4847260695057785,0.005005005005005005
8.967515,11.512754,6,1000745,Genetic entity 6,,522,0.5264196110321556,0.007007007007007007
9.759792,11.150346,6,1000394,Genetic entity 6,,534,0.5068392953390676,0.004004004004004004
8.870245,11.524661,6,1000503,Genetic entity 6,,531,0.5238020879833383,0.002002002002002002
9.688199,11.130893,6,1000359,Genetic entity 6,,589,0.5137289740431935,0.005005005005005005
9.417718,10.479169,6,1000124,Genetic entity 6,,676,0.5204605075463936,0.006006006006006006
7.7750254,13.277089,6,1000597,Genetic entity 6,,3,0.5022126539887574,0.003003003003003003
7.6504765,13.813661,6,1000880,Genetic entity 6,,7,0.42663690476190474,0.012012012012012012
7.511194,13.86113,6,1000948,Genetic entity 6,,7,0.56675250037319,0.005005005005005005
7.918171,15.044073,6,1000893,Genetic entity 6,,6,0.6174603174603175,0.013013013013013013
7.366396,14.118083,6,1000842,Genetic entity 6,,6,0.5305847953216375,0.007007007007007007
8.111972,14.989391,6,1000601,Genetic entity 6,,4,0.5182863849765258,0.003003003003003003
7.574034,14.515435,6,1000940,Genetic entity 6,,6,0.6930142244006173,0.005005005005005005
8.187664,14.806729,6,1000806,Genetic entity 6,,5,0.5239484286865431,0.004004004004004004
7.786706,14.4288645,6,1000630,Genetic entity 6,,6,0.5497400050235411,0.005005005005005005
8.054558,14.931571,6,1000580,Genetic entity 6,,4,0.6542684834676691,0.002002002002002002
8.6516485,13.614567,6,1000530,Genetic entity 6,,4,0.4635661957090529,0.002002002002002002
7.526022,9.542745,6,1000967,Genetic entity 6,,366,0.4941529675384114,0.009009009009009009
7.919283,13.240824,6,1000592,Genetic entity 6,,10,0.5986326333315862,0.007007007007007007
8.708325,13.838115,6,1000931,Genetic entity 6,,59,0.5189906985685911,0.01001001001001001
8.358865,13.981239,6,1000570,Genetic entity 6,,31,0.5967785363097049,0.006006006006006006
8.632886,13.498097,6,1000387,Genetic entity 6,,16,0.3774390287044591,0.001001001001001001
8.255901,13.711779,6,1000852,Genetic entity 6,,116,0.5485212266585148,0.006006006006006006
7.4748497,13.924824,6,1000876,Genetic entity 6,,98,0.47832850982232644,0.013013013013013013
8.604583,13.724835,6,1000904,Genetic entity 6,,149,0.5667492825285327,0.008008008008008008
8.284705,12.920753,6,1000572,Genetic entity 6,,111,0.520226884953641,0.005005005005005005
8.605866,12.843305,6,1000424,Genetic entity 6,,159,0.4511389978169167,0.0
7.9705834,10.516025,6,1001004,Genetic entity 6,,357,0.46309178264009593,0.008008008008008008
8.991496,12.844468,6,1000524,Genetic entity 6,,198,0.505607426857679,0.001001001001001001
8.532974,12.68741,6,1000101,Genetic entity 6,,232,0.48365450351894407,0.005005005005005005
8.028424,11.466358,6,1000972,Genetic entity 6,,280,0.4292597603255374,0.007007007007007007
7.016873,8.986751,6,1000892,Genetic entity 6,,496,0.549477530669423,0.009009009009009009
8.292933,12.076984,6,1000874,Genetic entity 6,,291,0.5088006136542677,0.014014014014014014
8.552735,12.580333,6,1000942,Genetic entity 6,,316,0.5241187031431155,0.005005005005005005
8.805156,12.063005,6,1000941,Genetic entity 6,,396,0.535901322898714,0.001001001001001001
7.9067755,10.570902,6,1000978,Genetic entity 6,,447,0.4702097460217136,0.006006006006006006
6.9884343,8.960262,6,1000581,Genetic entity 6,,361,0.5663331098932689,0.011011011011011011
9.715008,11.141558,6,1000988,Genetic entity 6,,500,0.5212385663830872,0.009009009009009009
8.682954,12.218449,6,1000136,Genetic entity 6,,407,0.5611764244517837,0.003003003003003003
7.987732,10.846041,6,1000760,Genetic entity 6,,381,0.4537505078710081,0.002002002002002002
8.434864,11.3784685,6,1000776,Genetic entity 6,,468,0.48292077591328286,0.005005005005005005
8.804012,11.832375,6,1000774,Genetic entity 6,,468,0.539877739907748,0.01001001001001001
8.830011,12.395612,6,1000681,Genetic entity 6,,470,0.5137035657363902,0.002002002002002002
8.392089,11.007231,6,1000451,Genetic entity 6,,509,0.4966324823120629,0.001001001001001001
9.022267,11.449688,6,1000849,Genetic entity 6,,538,0.5281673101060697,0.011011011011011011
8.863838,11.604568,6,1000100,Genetic entity 6,,523,0.5288748030195322,0.001001001001001001
8.393529,10.37875,6,1000823,Genetic entity 6,,640,0.5251711850915586,0.002002002002002002
7.4314327,14.109918,6,1000710,Genetic entity 6,,6,0.5304272013949433,0.006006006006006006
8.0828085,14.923295,6,1000813,Genetic entity 6,,4,0.6298816568047337,0.005005005005005005
7.9784203,15.078781,6,1000920,Genetic entity 6,,5,0.6518510072215887,0.007007007007007007
7.613761,13.9150095,6,1000964,Genetic entity 6,,7,0.42745098039215684,0.008008008008008008
7.5798373,14.224293,6,1000663,Genetic entity 6,,6,0.5003690976199567,0.005005005005005005
8.10689,14.96389,6,1000899,Genetic entity 6,,4,0.6219879518072289,0.004004004004004004
7.6968236,13.954216,6,1000692,Genetic entity 6,,4,0.5481563421828909,0.003003003003003003
7.4240317,13.97839,6,1000989,Genetic entity 6,,6,0.5090336134453781,0.009009009009009009
8.03865,14.923936,6,1000930,Genetic entity 6,,7,0.5918476147264713,0.007007007007007007
8.71224,13.805118,6,1000287,Genetic entity 6,,6,0.5396731337814884,0.006006006006006006
7.4549456,14.2932005,6,1000714,Genetic entity 6,,22,0.46098650007649256,0.005005005005005005
7.886035,13.219837,6,1000466,Genetic entity 6,,10,0.4055839298691669,0.003003003003003003
7.409532,9.405355,6,1000739,Genetic entity 6,,399,0.5028228860526149,0.002002002002002002
8.722664,13.654232,6,1000160,Genetic entity 6,,30,0.5038510270062964,0.008008008008008008
7.784326,13.236523,6,1000957,Genetic entity 6,,67,0.5635595389159955,0.015015015015015015
7.8337555,14.186456,6,1000716,Genetic entity 6,,84,0.5875463522653223,0.004004004004004004
7.8849983,10.166916,6,1000733,Genetic entity 6,,377,0.46917843268108667,0.003003003003003003
8.896063,12.8323965,6,1000896,Genetic entity 6,,244,0.5399549642816875,0.004004004004004004
7.3486447,11.618776,6,1000990,Genetic entity 6,,177,0.5250584253276694,0.01001001001001001
8.466454,12.919492,6,1000455,Genetic entity 6,,150,0.49771450054832683,0.004004004004004004
8.022337,12.391271,6,1000550,Genetic entity 6,,156,0.46775823055875976,0.003003003003003003
7.6426635,9.672752,6,1000316,Genetic entity 6,,496,0.5323320858876791,0.0
8.047637,11.541157,6,1000711,Genetic entity 6,,282,0.45146171596398005,0.0
9.011761,12.859429,6,1000544,Genetic entity 6,,216,0.5102294576434178,0.01001001001001001
8.256956,12.699689,6,1000790,Genetic entity 6,,282,0.5368575056804952,0.001001001001001001
7.1267614,9.084574,6,1000689,Genetic entity 6,,572,0.5512176407343684,0.002002002002002002
8.038948,10.705729,6,1000282,Genetic entity 6,,355,0.4548485021468033,0.004004004004004004
8.317491,12.646725,6,1000856,Genetic entity 6,,274,0.5090198569542586,0.003003003003003003
8.100332,11.466948,6,1000589,Genetic entity 6,,338,0.46360474107351285,0.013013013013013013
8.703997,12.886944,6,1000816,Genetic entity 6,,323,0.5267978634389778,0.003003003003003003
9.010316,12.635736,6,1000206,Genetic entity 6,,351,0.530826693813719,0.001001001001001001
8.397755,11.546343,6,1000847,Genetic entity 6,,383,0.46317040779393315,0.005005005005005005
8.866972,12.598585,6,1000286,Genetic entity 6,,347,0.5289423757411444,0.002002002002002002
8.745197,12.705647,6,1000698,Genetic entity 6,,394,0.5373849018516493,0.002002002002002002
8.386283,12.022408,6,1000846,Genetic entity 6,,398,0.48872234942760046,0.001001001001001001
8.334681,11.0027,6,1000585,Genetic entity 6,,525,0.49966325534476613,0.001001001001001001
8.809551,11.414634,6,1000496,Genetic entity 6,,493,0.4910224525242657,0.003003003003003003
8.858483,11.426834,6,1000797,Genetic entity 6,,558,0.5171163145441795,0.015015015015015015
8.431384,11.510486,6,1000627,Genetic entity 6,,447,0.49537959457807684,0.0
8.349124,10.793667,6,1000146,Genetic entity 6,,557,0.5145826690254516,0.001001001001001001
9.474327,10.496337,6,1000830,Genetic entity 6,,658,0.5140168393748413,0.007007007007007007
7.389876,14.352624,6,1000953,Genetic entity 6,,5,0.6161597542242704,0.007007007007007007
7.466712,14.107767,6,1000947,Genetic entity 6,,6,0.5163776493256261,0.008008008008008008
7.775868,13.592462,6,1000831,Genetic entity 6,,5,0.3881769641495042,0.006006006006006006
7.648738,13.412378,6,1000808,Genetic entity 6,,4,0.4959080280592362,0.003003003003003003
7.9822006,14.897798,6,1000938,Genetic entity 6,,5,0.6399151823579304,0.005005005005005005
7.3871284,14.2743025,6,1000912,Genetic entity 6,,5,0.6179049565661727,0.005005005005005005
8.081792,14.903998,6,1000605,Genetic entity 6,,3,0.5571868870832166,0.002002002002002002
7.8880286,15.056126,6,1000129,Genetic entity 6,,5,0.6530909090909092,0.009009009009009009
7.3342104,14.100015,6,1000909,Genetic entity 6,,10,0.6769816283259623,0.01001001001001001
8.648693,13.677565,6,1000607,Genetic entity 6,,6,0.48332878099855464,0.006006006006006006
7.9795966,15.0508375,6,1000112,Genetic entity 6,,5,0.7917725752508362,0.004004004004004004
7.9540052,14.645697,6,1000435,Genetic entity 6,,8,0.4410135512525881,0.002002002002002002
7.919493,13.333614,6,1000598,Genetic entity 6,,55,0.49265770221544875,0.005005005005005005
8.654129,13.762452,6,1000857,Genetic entity 6,,29,0.4649773962086819,0.011011011011011011
7.700785,9.796546,6,1000966,Genetic entity 6,,369,0.47114868658955,0.001001001001001001
7.8659744,12.890583,6,1000519,Genetic entity 6,,25,0.41600981819701305,0.003003003003003003
8.909462,11.33666,6,1000903,Genetic entity 6,,417,0.5052822197221698,0.001001001001001001
8.572213,13.31256,6,1000413,Genetic entity 6,,48,0.46807708315739643,0.002002002002002002
7.0391707,9.006397,6,1000264,Genetic entity 6,,443,0.550972310787324,0.002002002002002002
8.901889,12.992088,6,1000576,Genetic entity 6,,207,0.5024968762116574,0.002002002002002002
8.544319,13.053081,6,1000432,Genetic entity 6,,222,0.5196003360260333,0.002002002002002002
7.3682203,11.613592,6,1000788,Genetic entity 6,,180,0.5372794979758635,0.005005005005005005
8.055575,11.537846,6,1000946,Genetic entity 6,,255,0.43300444620377754,0.004004004004004004
8.680226,13.013057,6,1000844,Genetic entity 6,,300,0.5226443792384663,0.003003003003003003
8.176216,12.004638,6,1000449,Genetic entity 6,,238,0.49189558363387426,0.005005005005005005
8.734244,12.911171,6,1000951,Genetic entity 6,,302,0.5228760854688441,0.004004004004004004
9.023677,12.745833,6,1000749,Genetic entity 6,,309,0.5248362045020872,0.005005005005005005
8.039944,11.335459,6,1000740,Genetic entity 6,,333,0.44154028599811407,0.004004004004004004
7.021658,8.996743,6,1000939,Genetic entity 6,,360,0.5547530693916477,0.01001001001001001
8.072019,10.741435,6,1000803,Genetic entity 6,,411,0.483317614226768,0.012012012012012012
7.720147,11.242024,6,1000811,Genetic entity 6,,420,0.4771262803376326,0.002002002002002002
8.067505,10.627598,6,1000976,Genetic entity 6,,427,0.45878734453799347,0.004004004004004004
8.814654,12.158894,6,1000478,Genetic entity 6,,399,0.4966757926247406,0.004004004004004004
8.057259,10.785303,6,1000965,Genetic entity 6,,431,0.4742229337303587,0.002002002002002002
9.752165,11.131477,6,1000203,Genetic entity 6,,541,0.5117030927364491,0.008008008008008008
8.690162,11.968515,6,1000162,Genetic entity 6,,457,0.49760796669068946,0.006006006006006006
9.717891,11.121445,6,1000973,Genetic entity 6,,548,0.504808481490003,0.002002002002002002
8.718959,11.495322,6,1000144,Genetic entity 6,,487,0.49494033349151656,0.004004004004004004
8.905608,11.365835,6,1000819,Genetic entity 6,,536,0.5173121414506395,0.01001001001001001
9.767274,11.140949,6,1000357,Genetic entity 6,,585,0.522712203294472,0.012012012012012012
9.469796,10.514657,6,1000494,Genetic entity 6,,652,0.5107916869985117,0.006006006006006006
7.6911755,14.352965,6,1000833,Genetic entity 6,,4,0.5855902777777778,0.003003003003003003
7.522344,13.829918,6,1000288,Genetic entity 6,,4,0.3583035979779958,0.003003003003003003
7.8887005,14.80447,6,1000956,Genetic entity 6,,5,0.6407604562737642,0.01001001001001001
7.414052,14.127974,6,1000882,Genetic entity 6,,6,0.5166666666666666,0.008008008008008008
7.4137526,14.2397585,6,1000913,Genetic entity 6,,6,0.5309895955419288,0.006006006006006006
7.5590906,14.27674,6,1000895,Genetic entity 6,,5,0.6052009456264775,0.009009009009009009
7.383288,14.177534,6,1001006,Genetic entity 6,,7,0.5618212197159566,0.012012012012012012
8.106045,14.871776,6,1000712,Genetic entity 6,,7,0.6286069785810137,0.004004004004004004
7.488419,14.514682,6,1000694,Genetic entity 6,,5,0.4881103202326839,0.003003003003003003
7.799502,14.764287,6,1000902,Genetic entity 6,,17,0.5365057694079792,0.006006006006006006
7.782625,13.192024,6,1000459,Genetic entity 6,,10,0.43831071567815416,0.003003003003003003
7.6841846,9.741635,6,1000645,Genetic entity 6,,363,0.4713391924094134,0.001001001001001001
7.6422267,9.690842,6,1000881,Genetic entity 6,,369,0.47843215572546793,0.009009009009009009
7.384623,13.942096,6,1000937,Genetic entity 6,,61,0.6159092133133146,0.004004004004004004
8.671553,13.431189,6,1001000,Genetic entity 6,,74,0.46994466734331,0.008008008008008008
7.050638,9.016343,6,1000977,Genetic entity 6,,368,0.5247514707948637,0.013013013013013013
7.9218965,12.666779,6,1000894,Genetic entity 6,,111,0.5034757779727976,0.0980980980980981
7.3563504,11.615994,6,1000982,Genetic entity 6,,180,0.5264715650867623,0.01001001001001001
7.969111,11.631159,6,1001015,Genetic entity 6,,182,0.4540335649416726,0.028028028028028028
7.931186,12.525616,6,1000793,Genetic entity 6,,153,0.49881669649397303,0.007007007007007007
7.3523526,11.5694895,6,1000970,Genetic entity 6,,271,0.5114089495583756,0.005005005005005005
7.3948407,11.658631,6,1000334,Genetic entity 6,,185,0.5198317291077554,0.002002002002002002
7.3659177,9.352842,6,1000753,Genetic entity 6,,506,0.4981223097844379,0.0
8.307956,12.718572,6,1000911,Genetic entity 6,,266,0.5207810658105275,0.005005005005005005
9.041603,12.894204,6,1000574,Genetic entity 6,,254,0.4786744430395678,0.01001001001001001
8.179051,12.052643,6,1000140,Genetic entity 6,,277,0.47767635631777977,0.008008008008008008
8.039632,11.412643,6,1000877,Genetic entity 6,,338,0.44495580691474035,0.004004004004004004
9.022072,12.489587,6,1000980,Genetic entity 6,,343,0.5178315969675692,0.003003003003003003
8.296652,11.818487,6,1000493,Genetic entity 6,,346,0.500962734760014,0.004004004004004004
8.285397,11.766198,6,1000500,Genetic entity 6,,373,0.49867839629996225,0.015015015015015015
9.079921,12.683555,6,1000505,Genetic entity 6,,368,0.4968980967027247,0.002002002002002002
8.837865,12.636851,6,1000389,Genetic entity 6,,369,0.5101815371928414,0.003003003003003003
8.599155,12.156373,6,1000115,Genetic entity 6,,373,0.5347091898528219,0.003003003003003003
8.088729,10.6917,6,1000404,Genetic entity 6,,408,0.4716083803467865,0.005005005005005005
7.8197966,10.895811,6,1000762,Genetic entity 6,,444,0.4745223123586892,0.003003003003003003
8.745811,11.569718,6,1000134,Genetic entity 6,,435,0.5197446344923697,0.002002002002002002
8.452817,11.121618,6,1000313,Genetic entity 6,,533,0.5124785876593877,0.001001001001001001
9.736232,11.173915,6,1000380,Genetic entity 6,,486,0.5083017851066436,0.002002002002002002
9.690497,11.147479,6,1000396,Genetic entity 6,,523,0.5093733896997271,0.003003003003003003
9.775794,11.081398,6,1000355,Genetic entity 6,,592,0.5027867633303144,0.003003003003003003
9.488463,10.635211,6,1000595,Genetic entity 6,,644,0.5330320824178384,0.005005005005005005
7.6122932,14.56954,6,1000599,Genetic entity 6,,5,0.6429707495429616,0.004004004004004004
8.147313,14.893789,6,1000620,Genetic entity 6,,5,0.5140296375647206,0.007007007007007007
7.7822704,14.680552,6,1000971,Genetic entity 6,,5,0.6190157480314961,0.007007007007007007
8.074895,14.085562,6,1000974,Genetic entity 6,,6,0.5601364522417155,0.008008008008008008
7.7420554,14.462678,6,1000933,Genetic entity 6,,6,0.517911877394636,0.008008008008008008
7.7101974,14.224785,6,1000999,Genetic entity 6,,7,0.568610408765276,0.012012012012012012
7.344507,14.28503,6,1000922,Genetic entity 6,,6,0.6700223977366498,0.006006006006006006
7.7970986,13.215959,6,1000928,Genetic entity 6,,5,0.48469471413160736,0.005005005005005005
7.9783435,14.652588,6,1000875,Genetic entity 6,,12,0.5321848514148774,0.007007007007007007
7.510483,9.5200405,6,1000622,Genetic entity 6,,365,0.49181405441931475,0.004004004004004004
8.687813,13.772159,6,1000924,Genetic entity 6,,9,0.478957157049692,0.006006006006006006
8.61141,13.719277,6,1000553,Genetic entity 6,,9,0.3889628955543445,0.003003003003003003
7.3907185,14.398014,6,1000560,Genetic entity 6,,64,0.5603290618815281,0.005005005005005005
8.660784,13.6466,6,1000858,Genetic entity 6,,30,0.556672883847788,0.012012012012012012
7.8351936,14.114436,6,1001014,Genetic entity 6,,73,0.6339507100453391,0.007007007007007007
8.03211,13.854247,6,1000963,Genetic entity 6,,102,0.49248948157122513,0.007007007007007007
7.655105,14.330597,6,1000747,Genetic entity 6,,70,0.5382286219752884,0.011011011011011011
7.3851357,11.556308,6,1000991,Genetic entity 6,,201,0.5392334209090337,0.009009009009009009
8.900308,11.283674,6,1000960,Genetic entity 6,,440,0.5041004202643924,0.003003003003003003
8.015397,12.698609,6,1000784,Genetic entity 6,,179,0.5246982677636718,0.001001001001001001
8.062205,12.833873,6,1000667,Genetic entity 6,,163,0.507652374930345,0.001001001001001001
7.6283355,9.653494,6,1000756,Genetic entity 6,,506,0.5256107267589986,0.0
8.697409,12.194363,6,1001008,Genetic entity 6,,362,0.5405981756375324,0.009009009009009009
8.639104,13.675724,6,1000584,Genetic entity 6,,261,0.5219572166602113,0.005005005005005005
9.039816,12.899929,6,1000845,Genetic entity 6,,271,0.48475739207699264,0.005005005005005005
8.021362,11.554202,6,1000567,Genetic entity 6,,278,0.42154627123657956,0.007007007007007007
7.501462,11.305777,6,1000764,Genetic entity 6,,425,0.46469010865988997,0.003003003003003003
8.293902,12.128801,6,1000430,Genetic entity 6,,326,0.48586192337593775,0.003003003003003003
8.48307,12.851614,6,1000945,Genetic entity 6,,321,0.5355585883411456,0.004004004004004004
8.919257,11.32113,6,1000108,Genetic entity 6,,504,0.49372843492090535,0.005005005005005005
8.155606,11.387372,6,1000539,Genetic entity 6,,374,0.4553728395819082,0.002002002002002002
8.563309,11.868708,6,1000594,Genetic entity 6,,391,0.4775099098999236,0.012012012012012012
8.927866,12.251036,6,1000575,Genetic entity 6,,472,0.5373983075974165,0.002002002002002002
9.070679,12.614933,6,1000475,Genetic entity 6,,419,0.5008083137056726,0.003003003003003003
8.7693405,12.723942,6,1000789,Genetic entity 6,,367,0.5187887871526201,0.0
8.235939,10.895473,6,1000447,Genetic entity 6,,438,0.48248706582847134,0.004004004004004004
9.515304,10.519747,6,1000873,Genetic entity 6,,600,0.5406330445051278,0.001001001001001001
8.860701,11.248137,6,1000687,Genetic entity 6,,601,0.5026628539104853,0.001001001001001001
9.760664,11.108644,6,1000420,Genetic entity 6,,560,0.5083844388644495,0.004004004004004004
9.770813,11.119744,6,1000330,Genetic entity 6,,587,0.5095211378885768,0.004004004004004004
9.487566,10.53628,6,1000426,Genetic entity 6,,665,0.5243869142094012,0.006006006006006006
11.503464,5.3524885,4,1000236,Variety-14,-10.377799352380405,616,0.5134330845105793,0.0
9.356395,10.6918,6,1000545,Genetic entity 6,,562,0.5128346594347605,0.0
8.442106,11.906593,6,1000552,Genetic entity 6,,218,0.5168396652982389,0.14214214214214213
8.802276,11.835398,6,1000555,Genetic entity 6,,186,0.4968728815597765,0.002002002002002002
6.925012,8.884677,6,1000604,Genetic entity 6,,370,0.5215947381739797,0.004004004004004004
7.4250817,9.2046175,6,1000629,Genetic entity 6,,685,0.5297471671984829,0.0
9.593746,10.391562,6,1000649,Genetic entity 6,,440,0.5151387876931424,0.043043043043043044
9.176488,11.509708,6,1000650,Genetic entity 6,,395,0.5125370389242259,0.002002002002002002
6.8811054,8.8764,6,1000669,Genetic entity 6,,636,0.5445748219439873,0.003003003003003003
6.866736,8.848745,6,1000693,Genetic entity 6,,665,0.529862283150472,0.001001001001001001
8.863319,11.302675,6,1000275,Genetic entity 6,,349,0.5074137263071911,0.001001001001001001
11.514631,5.1451454,4,1000713,Variety-14,-10.026877650892361,690,0.5002671122980381,0.001001001001001001
9.600018,10.890137,6,1000742,Genetic entity 6,,431,0.4869638280812991,0.14114114114114115
7.1528397,9.002581,6,1000785,Genetic entity 6,,755,0.5425815811795206,0.001001001001001001
7.3445277,11.473836,6,1000786,Genetic entity 6,,201,0.49639552258741504,0.004004004004004004
9.384909,10.818967,6,1000824,Genetic entity 6,,632,0.527719176233564,0.0
7.263037,9.195396,6,1000884,Genetic entity 6,,583,0.5200561695649792,0.003003003003003003
9.430492,10.572906,6,1000917,Genetic entity 6,,500,0.4884361030937425,0.002002002002002002
6.9681406,8.940796,6,1000926,Genetic entity 6,,529,0.5428924674530353,0.002002002002002002
6.9338484,8.904001,6,1000979,Genetic entity 6,,619,0.5437235378352235,0.01001001001001001
7.658029,9.688581,6,1000285,Genetic entity 6,,491,0.5097293308691723,0.06306306306306306
9.591395,10.371655,6,1000987,Genetic entity 6,,697,0.5056707823558789,0.001001001001001001
7.0246153,8.994161,6,1001013,Genetic entity 6,,519,0.5272979313528475,0.002002002002002002
7.188526,9.068671,6,1000308,Genetic entity 6,,424,0.49948506069085236,0.001001001001001001
9.530628,10.539342,6,1000315,Genetic entity 6,,516,0.5310411619207105,0.002002002002002002
6.966339,8.938048,6,1000320,Genetic entity 6,,695,0.5558032433619567,0.003003003003003003
11.493484,5.2085943,4,1000339,Variety-14,-10.269112149948638,563,0.5030921384440477,0.0
9.330387,10.016875,6,1000367,Genetic entity 6,,251,0.41702528742651157,0.002002002002002002
6.7739186,8.747847,6,1000468,Genetic entity 6,,498,0.5269769596015381,0.003003003003003003
2.6372786,6.262092,8,1000611,Genetic entity 8,,218,0.485342396807355,0.014014014014014014
2.5424905,6.1670074,8,1000867,Genetic entity 8,,235,0.48708948375056327,0.009009009009009009
2.5475576,6.1745567,8,1000676,Genetic entity 8,,235,0.5112171224941476,0.01001001001001001
2.6256962,6.266899,8,1000700,Genetic entity 8,,217,0.4796694787702479,0.011011011011011011
2.398324,6.014692,8,1000869,Genetic entity 8,,237,0.5059876783595423,0.011011011011011011
2.5968013,6.226659,8,1000839,Genetic entity 8,,228,0.4874120617279921,0.013013013013013013
2.4653978,6.0864086,8,1000822,Genetic entity 8,,241,0.5002634609010527,0.01001001001001001
2.6123776,6.247882,8,1000779,Genetic entity 8,,221,0.47358547824621405,0.01001001001001001
2.6408863,6.2827435,8,1000751,Genetic entity 8,,229,0.5008708346132007,0.03203203203203203
2.4692996,6.088548,8,1000834,Genetic entity 8,,253,0.5161519028260636,0.005005005005005005
2.5359452,6.160377,8,1000782,Genetic entity 8,,278,0.5101128771821263,0.008008008008008008
2.4256852,6.042723,8,1000655,Genetic entity 8,,225,0.5065087794858952,0.009009009009009009
2.6600256,6.3021436,8,1000725,Genetic entity 8,,204,0.47942787857469327,0.015015015015015015
2.3988376,6.012405,8,1000871,Genetic entity 8,,234,0.5315834114132237,0.013013013013013013
2.3864856,6.0023546,8,1000253,Genetic entity 8,,358,0.4605419276188941,0.006006006006006006
2.633677,6.28077,8,1000640,Genetic entity 8,,352,0.42586583546735585,0.004004004004004004
2.3768413,5.9919653,8,1000296,Genetic entity 8,,361,0.46610423990560207,0.006006006006006006
2.3468096,5.960517,8,1000639,Genetic entity 8,,392,0.5469856113436834,0.003003003003003003
2.6251101,6.255508,8,1000682,Genetic entity 8,,498,0.5282144230773836,0.003003003003003003
3.5419312,8.9714985,9,1000227,Genetic entity 9,,123,0.5084942573487294,0.01001001001001001
3.57498,8.953359,9,1000453,Genetic entity 9,,156,0.4958599166348887,0.006006006006006006
3.5714312,8.93418,9,1000122,Genetic entity 9,,215,0.4206076873680202,0.009009009009009009
3.573729,8.923736,9,1000528,Genetic entity 9,,203,0.44236929699925664,0.009009009009009009
3.6349866,9.009751,9,1000498,Genetic entity 9,,223,0.4441605846199159,0.023023023023023025
3.533737,8.96331,9,1000105,Genetic entity 9,,226,0.4425556441747824,0.002002002002002002
3.579266,8.965599,9,1000526,Genetic entity 9,,227,0.4567990604630423,0.003003003003003003
3.5207896,9.009706,9,1000457,Genetic entity 9,,258,0.45159849002128966,0.01001001001001001
3.6001284,8.936103,9,1000121,Genetic entity 9,,245,0.43645995793140174,0.005005005005005005
3.550002,8.998005,9,1000445,Genetic entity 9,,258,0.46012727400076925,0.007007007007007007
3.6286116,8.961542,9,1000480,Genetic entity 9,,267,0.45740470927503213,0.006006006006006006
3.5862703,8.9258995,9,1000443,Genetic entity 9,,266,0.4442134481984434,0.005005005005005005
3.6238747,8.957098,9,1000596,Genetic entity 9,,267,0.43738951464256426,0.014014014014014014
3.4664233,9.055958,9,1000817,Genetic entity 9,,270,0.42961429381289795,0.003003003003003003
3.5466464,8.897888,9,1000927,Genetic entity 9,,399,0.4674485076218631,0.006006006006006006
3.543154,8.932505,9,1000542,Genetic entity 9,,329,0.4735200219544738,0.005005005005005005
3.5257406,8.866023,9,1000546,Genetic entity 9,,441,0.4875060786228036,0.003003003003003003
3.5244362,8.960812,9,1000428,Genetic entity 9,,188,0.5037746912251532,0.011011011011011011
3.5215135,8.92911,9,1000935,Genetic entity 9,,65,0.5134138785971808,0.023023023023023025
3.5261059,8.922566,9,1000969,Genetic entity 9,,99,0.4852313015555809,0.02002002002002002
4.102593,8.518189,9,1000718,Genetic entity 9,,15,0.5024069478647221,0.015015015015015015
4.145878,8.488544,9,1001002,Genetic entity 9,,306,0.48627609662411914,0.008008008008008008
4.0746226,8.552691,9,1000441,Genetic entity 9,,19,0.4264645886033542,0.006006006006006006
4.161029,8.493113,9,1000515,Genetic entity 9,,313,0.5054824535553003,0.003003003003003003
4.2165375,8.520974,9,1000755,Genetic entity 9,,316,0.5384159405185637,0.005005005005005005
4.1390233,8.490666,9,1000936,Genetic entity 9,,299,0.4365323751185797,0.006006006006006006
3.9988782,8.211448,9,1000521,Genetic entity 9,,555,0.49699778782820564,0.002002002002002002
10.204921,4.3939257,4,1000666,Variety-14,-10.899976128461958,715,0.5047286499452327,0.0
2.907272,6.5397396,8,1000731,Genetic entity 8,,680,0.5152326210440985,0.002002002002002002
3.5713005,9.006015,9,1000757,Genetic entity 9,,44,0.4970576360332639,0.014014014014014014
2.5965827,6.2256703,8,1000765,Genetic entity 8,,385,0.49232613146261195,0.003003003003003003
4.2064095,8.3721,9,1000792,Genetic entity 9,,71,0.5362095403162607,0.016016016016016016
4.2166486,8.370317,9,1000794,Genetic entity 9,,126,0.5226111805604328,0.016016016016016016
3.8450196,8.725137,9,1000879,Genetic entity 9,,269,0.5085826237184281,0.01001001001001001
3.6601188,8.8546,9,1000889,Genetic entity 9,,264,0.4974438156192318,0.007007007007007007
4.7190447,27.029537,10,1000804,Variety-42,,16,0.4352847172827222,0.01701701701701702
4.752178,27.058538,10,1000841,Variety-42,,13,0.4665786692564922,0.015015015015015015
4.691837,27.018135,10,1000730,Variety-42,,17,0.47914638981945346,0.014014014014014014
4.7465663,27.05873,10,1000769,Variety-42,,16,0.4101665954478805,0.016016016016016016
4.816513,27.123974,10,1000838,Variety-42,,13,0.43871710436897027,0.014014014014014014
4.773679,27.076656,10,1000719,Variety-42,,13,0.4193131587189199,0.012012012012012012
4.702104,27.01544,10,1000117,Variety-42,,11,0.40278159390562,0.012012012012012012
4.666801,26.981176,10,1000832,Variety-42,,15,0.4204901159693921,0.014014014014014014
4.675867,26.99812,10,1000861,Variety-42,,15,0.3847717530637333,0.01701701701701702
4.7318087,27.060564,10,1000701,Variety-42,,16,0.39799580019420927,0.016016016016016016
4.7574086,27.073832,10,1000752,Variety-42,,14,0.366995774192144,0.013013013013013013
4.775352,27.083326,10,1000139,Variety-42,,13,0.38733694921832285,0.015015015015015015
4.686196,26.993519,10,1000727,Variety-42,,15,0.4431084564602526,0.016016016016016016
4.7554026,27.070375,10,1000120,Variety-42,,81,0.516685320407851,0.01001001001001001
4.756966,27.061842,10,1000744,Variety-42,,28,0.5711902650964935,0.006006006006006006
4.764228,27.068764,10,1000641,Variety-42,,73,0.34046245441744705,0.008008008008008008
4.7126045,27.014456,10,1000837,Variety-42,,340,0.43195745521768975,0.002002002002002002
4.78422,27.08524,10,1000723,Variety-42,,335,0.41587558894480153,0.004004004004004004
4.8170724,27.116516,10,1000608,Variety-42,,349,0.43305319939463954,0.007007007007007007
4.7962265,27.06774,10,1000619,Variety-42,,540,0.47686393514178443,0.002002002002002002
4.7302785,27.054203,10,1000369,Variety-42,,681,0.5131363230610869,0.001001001001001001
4.753826,27.025629,10,1000812,Variety-42,,391,0.5021993511327538,0.001001001001001001
-11.739294,11.697445,11,1000674,Genetic entity 11,,11,0.48926343349584,0.012012012012012012
-11.637303,11.799189,11,1000781,Genetic entity 11,,18,0.49593656404940145,0.015015015015015015
-11.60402,11.832515,11,1000294,Genetic entity 11,,34,0.4949529100320649,0.014014014014014014
-11.727313,11.709585,11,1000642,Genetic entity 11,,32,0.49378314442660165,0.012012012012012012
-11.778729,11.658126,11,1000826,Genetic entity 11,,39,0.48992962532665973,0.016016016016016016
-11.656583,11.780414,11,1000787,Genetic entity 11,,36,0.5197769723876738,0.011011011011011011
-11.732799,11.704089,11,1000777,Genetic entity 11,,48,0.5212708331725053,0.013013013013013013
-11.822563,11.6145735,11,1000680,Genetic entity 11,,46,0.5739439099202428,0.01001001001001001
-11.767077,11.66992,11,1000729,Genetic entity 11,,52,0.537088584600112,0.013013013013013013
-11.615214,11.821307,11,1000775,Genetic entity 11,,49,0.5143321202278192,0.011011011011011011
-11.794724,11.6422415,11,1000632,Genetic entity 11,,52,0.5701090636037871,0.013013013013013013
-11.746806,11.690217,11,1000771,Genetic entity 11,,49,0.5475941265994766,0.011011011011011011
-11.553054,11.883433,11,1000801,Genetic entity 11,,43,0.6198216147276822,0.013013013013013013
-11.760632,11.676383,11,1000708,Genetic entity 11,,51,0.5743756774944402,0.009009009009009009
-11.809957,11.627094,11,1000750,Genetic entity 11,,49,0.5556791473961952,0.015015015015015015
-11.773187,11.663853,11,1000843,Genetic entity 11,,51,0.5727454167672513,0.01001001001001001
-11.648803,11.787811,11,1000267,Genetic entity 11,,41,0.5316127820751476,0.01701701701701702
-11.600266,11.836161,11,1000614,Genetic entity 11,,249,0.523973589340458,0.005005005005005005
-11.705042,11.731532,11,1000863,Genetic entity 11,,136,0.40303932195602893,0.005005005005005005
-11.659305,11.777197,11,1000800,Genetic entity 11,,338,0.45668719745744357,0.004004004004004004
-11.73993,11.697071,11,1000659,Genetic entity 11,,315,0.5113997138711036,0.003003003003003003
-11.583019,11.853471,11,1000587,Genetic entity 11,,327,0.44138569606984823,0.004004004004004004
-11.79195,11.6450815,11,1000807,Genetic entity 11,,432,0.4770441256076061,0.001001001001001001
3.8636003,1.9935756,12,1000318,Genetic entity 12,,7,0.5589603341890366,0.012012012012012012
3.8770196,2.0071342,12,1000270,Genetic entity 12,,15,0.5184983476328164,0.008008008008008008
3.913796,2.043548,12,1000556,Genetic entity 12,,65,0.5412212826621005,0.01001001001001001
3.8996027,2.0293508,12,1000541,Genetic entity 12,,86,0.5007331534996985,0.003003003003003003
3.90425,2.0350986,12,1000743,Genetic entity 12,,116,0.46897989693041986,0.002002002002002002
3.878844,2.008338,12,1000469,Genetic entity 12,,148,0.4898245864825524,0.009009009009009009
3.9255645,2.0550802,12,1000554,Genetic entity 12,,288,0.4792618708620488,0.005005005005005005
3.9872696,2.1123202,12,1000662,Genetic entity 12,,444,0.5034863756422905,0.004004004004004004
3.927961,2.0544188,12,1000706,Genetic entity 12,,401,0.5032615242646028,0.12412412412412413
13.6026745,-8.181227,13,1000407,Genetic entity 13,,426,0.482926612370705,0.001001001001001001
13.634658,-8.213226,13,1000571,Genetic entity 13,,428,0.4999102604743943,0.003003003003003003
13.63231,-8.210857,13,1000543,Genetic entity 13,,461,0.5014188361334226,0.001001001001001001
13.639835,-8.218333,13,1000514,Genetic entity 13,,396,0.489332240714837,0.001001001001001001
13.641065,-8.220307,13,1000610,Genetic entity 13,,401,0.4910652926645257,0.015015015015015015
13.641973,-8.220498,13,1000337,Genetic entity 13,,409,0.503039211815249,0.003003003003003003
13.591649,-8.170231,13,1000511,Genetic entity 13,,521,0.4901597832292774,0.0
13.669616,-8.248314,13,1000590,Genetic entity 13,,487,0.4958250444980794,0.002002002002002002
13.629879,-8.20852,13,1000558,Genetic entity 13,,568,0.4837642612483982,0.002002002002002002
13.622543,-8.201229,13,1000484,Genetic entity 13,,537,0.4856936843945231,0.001001001001001001
13.59427,-8.172822,13,1000565,Genetic entity 13,,537,0.4939842412841493,0.002002002002002002
10.370473,4.3349323,4,1000408,Variety-14,-13.808519659167926,147,0.5010139278401979,0.005005005005005005
